Date,AAPL,AMZN,GOOGL,MSFT
2020-01-03,-0.009769511910166544,-0.012213314472679244,-0.005245009878465952,-0.012529387172610932
2020-01-06,0.007936593674868828,0.014775871094842,0.026305222136590856,0.002581147532802711
2020-01-07,-0.004714078129981326,0.002089436023074214,-0.0019335143118962362,-0.009159251215645765
2020-01-08,0.015958208351889953,-0.007839287338238396,0.0070925637515016704,0.015802628970667067
2020-01-09,0.02101823728252437,0.0047876954600311996,0.010443042897839105,0.012415744884699344
2020-01-10,0.0022582175677651225,-0.009455156242405702,0.006437949149256332,-0.004637771584893046
2020-01-13,0.0211393563197673,0.0043132627393767525,0.007717103517173753,0.01195239711410176
2020-01-14,-0.013595170854782236,-0.011625527046359843,-0.006576977395241178,-0.007068242290413265
2020-01-15,-0.004294685696332759,-0.003977024437111101,0.006000458721658387,0.006455527852521649
2020-01-16,0.012448694991171199,0.008513567549042408,0.0075865497156483745,0.018157613528980304
2020-01-17,0.011009981852535369,-0.007064556764163625,0.02004363835900221,0.005581194746694268
2020-01-21,-0.006799848047942826,0.014523546068980422,0.0018435162390667682,-0.003597318342268187
2020-01-22,0.003563069332758581,-0.0024024329949913796,0.0010923250856515227,-0.004816449757410627
2020-01-23,0.004804590755520997,-0.0015270766138826273,0.0005524418520013976,0.006137267782041317
2020-01-24,-0.0028863746898539805,-0.012247117354347815,-0.012552199193697088,-0.010128372499425156
2020-01-27,-0.029846229702262847,-0.018049378179086813,-0.023770059087707362,-0.016864534334332472
2020-01-28,0.027896492783784314,0.013532388730052893,0.013024664340969144,0.019406382108829286
2020-01-29,0.02071648666630204,0.002559818728975466,0.00426538499025793,0.015472714484619059
2020-01-30,-0.0014504258129945506,0.00680130777131683,-0.0016833695975832406,0.02781701009990332
2020-01-31,-0.04535172104417758,0.07119570893188107,-0.014873800062053992,-0.01486880745573075
2020-02-03,-0.002750025380747445,-0.002252704013802056,0.03418060271098713,0.024086553625198164
2020-02-04,0.032480242520745634,0.022433811849720944,-0.02540408947796877,0.0323864482397963
2020-02-05,0.008121373778642929,-0.004792703414039184,0.0004426219850495202,-0.0012224960550989113
2020-02-06,0.011629296233755654,0.005065879625856511,0.02047964120660468,0.020521951557048182
2020-02-07,-0.013685813333925791,0.014069692433392624,0.002125326821892438,0.001414903667295095
2020-02-10,0.0047380407354636654,0.02593435798738784,0.01978114562389333,0.025820662164363316
2020-02-11,-0.006051583289912839,0.007883866478429244,0.0009276277515984061,-0.02283446147782631
2020-02-12,0.023470062139690544,0.004268347229322045,0.005659264380115255,0.0014631461655067598
2020-02-13,-0.007146148167077613,-0.004700848772083054,-0.003456380451502782,-0.005428628548125179
2020-02-14,0.00024608033293904095,-0.007001620314183051,0.003522240166388398,0.008887645418743014
2020-02-18,-0.01848022021779402,0.00969583372641929,0.0004673680643913402,0.010091589759890678
2020-02-19,0.014378777595128733,0.006726973190216665,0.0035672853250688394,0.002994766704227263
2020-02-20,-0.01031182240772101,-0.007919906743473367,-0.005181089971259111,-0.015389302938777917
2020-02-21,-0.022895335735056737,-0.02689219882130043,-0.02235101457706105,-0.03212276865940489
2020-02-24,-0.04866545523511343,-0.042235023870589,-0.04381872388768749,-0.04407278356100937
2020-02-25,-0.03445915087212204,-0.018357980231590378,-0.023905619462514693,-0.016639545803067674
2020-02-26,0.015739076959855207,0.0034663008478506324,0.0029891600549337297,0.012417558862926855
2020-02-27,-0.06760245904245052,-0.049333390430740226,-0.05584332633862658,-0.07306417945517647
2020-02-28,-0.000585146594646014,-0.0002918893180325476,0.018311158188811422,0.02392396160565875
2020-03-02,0.08901843966265766,0.03658851566405863,0.034543008094881415,0.06441905035559249
2020-03-03,-0.032274694299305844,-0.023278669366774255,-0.035686169251895966,-0.04910554228086073
2020-03-04,0.04534082439022128,0.03441420829326915,0.032275785623561336,0.03605713661802339
2020-03-05,-0.032974925896900376,-0.02656658154602768,-0.049588091930365626,-0.025415428144459132
2020-03-06,-0.013368978328696738,-0.011994572145720599,-0.01457233829760003,-0.02867447122129945
2020-03-09,-0.08239505320364555,-0.05430184971456644,-0.06368779478972948,-0.07017849677169163
2020-03-10,0.0695463993764024,0.04941384267449418,0.04768541378730715,0.06614753436580563
2020-03-11,-0.035348068811380175,-0.03823045590680999,-0.05171571601757711,-0.04636041970265566
2020-03-12,-0.10397788505759029,-0.08253503819368388,-0.0856082840920186,-0.09964149028336616
2020-03-13,0.11315743850909571,0.06264454451479513,0.08838755507956661,0.1329287087558454
2020-03-16,-0.13770810137286066,-0.0551930111496119,-0.12368470812807404,-0.15945355324217395
2020-03-17,0.043030853270335595,0.0679073394904408,0.04113665994139343,0.07912239133083623
2020-03-18,-0.024784517873159388,0.012183223280898315,-0.024326125412883075,-0.04300778063525942
2020-03-19,-0.007691417742584243,0.027450380856149387,0.018594494708506215,0.016319265386372923
2020-03-20,-0.0655904937311071,-0.018696493799985447,-0.0398791837809435,-0.03828252722759291
2020-03-23,-0.021473045487843116,0.03027242280070844,-0.013268406612919389,-0.01002455547600885
2020-03-24,0.09560593989748248,0.019397213114498144,0.0695106531890224,0.08699895588892445
2020-03-25,-0.005524064570541026,-0.02836614678504326,-0.02544469454033797,-0.00961828702215214
2020-03-26,0.05128535202548056,0.036267437779002064,0.054152215827054755,0.06067257997725264
2020-03-27,-0.042283987795916175,-0.028734293362178226,-0.046339781640657635,-0.041927320017957063
2020-03-30,0.02813849426243869,0.03305128565768252,0.031953872232451795,0.06797659422548716
2020-03-31,-0.0020430081118418143,-0.0072719999659999635,0.013551513205604668,-0.015852269313681108
2020-04-01,-0.054051739971171,-0.02178742279295421,-0.052882217693861755,-0.036153970958576476
2020-04-02,0.016548953284921716,0.005817252037933856,0.013456062003190331,0.020497226012786897
2020-04-03,-0.014475624311333113,-0.006399314195321289,-0.022021764685160556,-0.009252921557564476
2020-04-06,0.08364002834858904,0.04662517920980072,0.07956260641572363,0.07173232979026384
2020-04-07,-0.011649934079077686,0.006988976113008688,-0.0005327322800199354,-0.01082845153103483
2020-04-08,0.025272787039581628,0.015488887252484295,0.02045638250614457,0.009981059051886648
2020-04-09,0.007189991584194326,-0.00011749136016937198,-0.00035635115135156125,6.025432752864255e-05
2020-04-13,0.019437717794327316,0.059904424788693025,0.0031775926927588567,0.002238266706154336
2020-04-14,0.049268572638487954,0.05142426317898339,0.044294787247087214,0.04829797641706818
2020-04-15,-0.009168736027449524,0.01061218674730437,-0.006287412609428069,-0.0105330453277798
2020-04-16,0.007914368978790338,0.042632714874196495,0.00010331358317950792,0.02957907692691866
2020-04-17,-0.013661486328053567,-0.013877991515518532,0.017008646837633496,0.008773094829324575
2020-04-20,-0.02097521711844819,0.007805217491159297,-0.014054464495513345,-0.020019958507607235
2020-04-21,-0.031398459031813784,-0.027741595250859077,-0.03962015413910385,-0.0422367463554692
2020-04-22,0.028396529327831363,0.015078276370104332,0.03744521466399121,0.033400785558671764
2020-04-23,-0.003882947516074613,0.015100238852104056,0.010088640499495182,-0.012176172819444749
2020-04-24,0.028461131114369157,0.004478467862372162,0.004262522801454914,0.018094603532424567
2020-04-27,0.000706410770871663,-0.014299615622890095,-0.004506458660588885,-0.002868621557780103
2020-04-28,-0.01634224512664902,-0.026406206272373736,-0.030576155070712117,-0.02466238613511058
2020-04-29,0.032317442514096885,0.025020524430829326,0.08517752166312298,0.043895811222276024
2020-04-30,0.02087653859909942,0.041803503952607714,0.0033618420777719597,0.009982293110549078
2020-05-01,-0.01623033873998619,-0.0790151691799427,-0.022057804466547856,-0.02623245312044159
2020-05-04,0.014049576043741548,0.013016157575809914,0.004226974429559846,0.024165650266409485
2020-05-05,0.014897528201633163,0.0007812169559819208,0.01955216830890719,0.01067872676254879
2020-05-06,0.01026423711344175,0.014332930141282023,-0.0026645940464473544,0.009798855098472517
2020-05-07,0.01029204346165957,0.006929629421755726,0.01757130876474647,0.00579044269018054
2020-05-08,0.023522404329809038,0.005055588339379235,0.010938531091068276,0.005865040475541448
2020-05-11,0.015612996960001395,0.012275095742505182,0.013809676249194542,0.011092795819927104
2020-05-12,-0.011494018390692765,-0.02184325689933136,-0.02044867271770756,-0.022912345694910005
2020-05-13,-0.0121475370009534,0.00464352271673132,-0.019717861588443363,-0.01523796968945932
2020-05-14,0.006124503336120918,0.008800091486279958,0.006306498205947178,0.004329766301599485
2020-05-15,-0.005929801871281497,0.008723388257937528,0.011868497343381246,0.014463432466894669
2020-05-18,0.023288299076599475,0.006815562402388709,0.0087884307828233,0.009509138149920325
2020-05-19,-0.005795541340631437,0.009463506026665746,-0.007812835516045898,-0.006946503729518111
2020-05-20,0.019261630410983905,0.0196519053240098,0.02497642993968846,0.013775318984476802
2020-05-21,-0.0074833075498740975,-0.020709907813958355,-0.0017117041567805621,-0.012084017094310215
2020-05-22,0.006417643834047564,-0.0040379627094452065,0.004602913551426428,0.00043604872385435224
2020-05-26,-0.0067962453524403315,-0.006182687942356004,0.005736167593757583,-0.010627738419398179
2020-05-27,0.00434736217111059,-0.004747292931811086,-0.0007669985350174022,0.001320961878531109
2020-05-28,0.00043977225010991146,-0.0038615979869802697,-0.0014375025377840955,-0.0022577990170373013
2020-05-29,-0.0009744369672972207,0.017041909136995572,0.010716391672820803,0.01014687379851458
2020-06-01,0.012222902494889843,0.011670253098244966,0.000941106466707111,-0.0022944818028983404
2020-06-02,0.004618723996165514,0.0005542421239081785,0.005171871254219581,0.011312460807701017
2020-06-03,0.005489882521533014,0.002419803318654912,-0.002123887809133249,0.0024305974121902646
2020-06-04,-0.008649249633458932,-0.007207963182428161,-0.01748751351459471,-0.013251070972325656
2020-06-05,0.028083074355858727,0.009062306094701045,0.018022402720867803,0.02312864073039128
2020-06-08,0.005894764578659781,0.01640122058468097,0.0055538258087085264,0.006177477039623713
2020-06-09,0.031089733970745263,0.029973414532654237,0.002786074195024401,0.007615784390604633
2020-06-10,0.025402078800812595,0.01775474019639406,0.008653547690194847,0.036420512642760416
2020-06-11,-0.04920119853122821,-0.034386807792203426,-0.043821992487160476,-0.05519410204031973
2020-06-12,0.00859644030920704,-0.005071582137180358,0.007830137362234691,0.007860921230952458
2020-06-15,0.012291260636260359,0.01080967380014712,0.005519257706111669,0.006371454954819354
2020-06-16,0.026157371199020056,0.01641919546995653,0.01794834074728569,0.024209582051852283
2020-06-17,-0.0013927736241457055,0.009782656419923274,0.004187445158405197,0.003455168113831595
2020-06-18,0.0003980822391794587,0.004910408831544251,-0.012762069760986445,0.010651638953588246
2020-06-19,-0.00573086985987669,0.007892706403668376,-0.00663231687881509,-0.005977595525529474
2020-06-22,0.02582725092611532,0.014404049034053084,0.01809930317115159,0.02739518961361118
2020-06-23,0.021120207319551523,0.018470070932883553,0.009140024371595978,0.006658635742895559
2020-06-24,-0.0178096253817717,-0.010915222785479236,-0.021597830442495813,-0.020363651554845857
2020-06-25,0.013188251516628374,0.007352966946613356,0.005845918596190653,0.012557291156083339
2020-06-26,-0.031207760075447247,-0.022657517035347675,-0.0560562018300828,-0.02021884089433152
2020-06-29,0.022784887007894057,-0.004648937652200358,0.02509831584403478,0.010689824367677654
2020-06-30,0.008313028878624552,0.02884445591830274,0.014833834702851559,0.025228334376149998
2020-07-01,-0.0018931100762361478,0.04253577590541981,0.016748503116276507,0.00583047368781015
2020-07-02,0.0,0.004021512351305945,0.019183610631986887,0.007592074232661847
2020-07-06,0.02639878014756288,0.056086861548230546,0.02001698548922001,0.021297652011620677
2020-07-07,-0.003107982776478464,-0.018794894393650154,-0.0065093475685356625,-0.011696206329540824
2020-07-08,0.023023264295752032,0.026637631211038765,0.009139894102438645,0.02175458881892117
2020-07-09,0.004290876353241221,0.032418003431597016,0.009966118296055392,0.006976409873780394
2020-07-10,0.0017479245954990126,0.005442909266691453,0.013311062537411713,-0.0030373124816832635
2020-07-13,-0.004623771791092546,-0.030459227148096752,-0.017554047157125944,-0.03137587213828583
2020-07-14,0.01641286638687115,-0.006464146747407976,0.005690666741628501,0.0061624461945179515
2020-07-15,0.006853707731943696,-0.02466286482562469,-0.0026205059097722336,-0.001489090471237531
2020-07-16,-0.012381344740339143,-0.002985648858511928,-0.001292751624881484,-0.020002647222151466
2020-07-17,-0.002022380673131133,-0.012724365220700149,0.001272899165120516,-0.00511297203034504
2020-07-20,0.020855184115472644,0.07630823511693882,0.030508597851955047,0.04208300132616257
2020-07-21,-0.013897869082572263,-0.018484694634580835,-0.005077327229256981,-0.01356024148756922
2020-07-22,0.002805246974208478,-0.012305027339411448,0.00572288675155419,0.014268957350370263
2020-07-23,-0.046584898223251826,-0.03725419917985109,-0.031219997434184316,-0.04446904903083089
2020-07-24,-0.002480208968249421,0.007458986752838637,-0.005646332684265195,-0.006141089149228685
2020-07-27,0.023424006799064027,0.015270459525145965,0.013971619378483988,0.012588220534778944
2020-07-28,-0.016564208754073453,-0.018126069617507432,-0.016999680204748853,-0.009017768095698491
2020-07-29,0.018986983263443672,0.011004699826417956,0.013121401918120532,0.010047245158037153
2020-07-30,0.012027416334937641,0.0060308083157400725,0.00970648978821098,-0.0007842524274424686
2020-07-31,0.09956370145206636,0.036294147981264194,-0.03332407174573074,0.005428962758396759
2020-08-03,0.024885449226626083,-0.01682166001089732,-0.0034940972642246697,0.054716448847968197
2020-08-04,0.006655621338854856,0.008619861276316521,-0.006400497356405651,-0.015122349239333744
2020-08-05,0.0036182315179297676,0.020871316739287018,0.003922415060436134,-0.0016424471463382076
2020-08-06,0.03429452247659583,0.0062115284906952865,0.017332414070395732,0.015887222001690817
2020-08-07,-0.02299818786474399,-0.01800293843304236,-0.004381691352950854,-0.018049672993224967
2020-08-10,0.014430120211501524,-0.006111826385309402,-0.0010349416819895889,-0.020108738951254576
2020-08-11,-0.03019094695373742,-0.02167112480516848,-0.010936097755249771,-0.023662893900326096
2020-08-12,0.03269395001763635,0.026133573522779383,0.01787322549629153,0.028166704546906323
2020-08-13,0.017542761028744032,-0.0003859062604570367,0.006223898636086013,-0.002345103208002011
2020-08-14,-0.0008918735645470688,-0.004121037907113718,-0.007956865174005269,0.0009579147804863016
2020-08-17,-0.002613948867749507,0.010865072977043023,0.007686553800609239,0.006584249988364116
2020-08-18,0.008298279074521008,0.04006138810950659,0.02574350518891787,0.005737806257132271
2020-08-19,0.001253950468956133,-0.015825714532805114,-0.007205647440730066,-0.006085395943189768
2020-08-20,0.02194695530171406,0.011250743012291311,0.020277103135160155,0.02300458563958341
2020-08-21,0.05024847356673841,-0.003843813244746528,-0.000431406833126214,-0.007296599178169524
2020-08-24,0.011889296624496943,0.006899163550113672,0.006061886402133421,0.003140369883424903
2020-08-25,-0.00823764118577702,0.01173146611135582,0.012974049314864611,0.012925494301486708
2020-08-26,0.01350755414737682,0.02809711446991023,0.023558311860710678,0.021389245107255817
2020-08-27,-0.012026436428785784,-0.012233678809977448,-0.009539746744830302,0.024257087075546174
2020-08-28,-0.0016211867711660734,0.0005292501453169122,0.006676898271118923,0.010230719690370291
2020-08-31,0.03334969567774686,0.014347795491567642,-0.006056876276032348,-0.014875652827791562
2020-09-01,0.03905982749184209,0.013858994770032553,0.015557667929372108,0.007685382044856641
2020-09-02,-0.020936074936501653,0.009197048337934825,0.036956202455131475,0.019089039793947674
2020-09-03,-0.0834475643341755,-0.047389460231042485,-0.05252622180038848,-0.06394869738005438
2020-09-04,0.0006614202796268091,-0.02202820804028703,-0.03008891791378951,-0.01413550469479596
2020-09-08,-0.06966629105082037,-0.04493916629572862,-0.03711444790088801,-0.05561389680925717
2020-09-09,0.03911173276034521,0.037013109131374684,0.015390300310679018,0.041701954056320524
2020-09-10,-0.03319045111978584,-0.029022560577017922,-0.013783491457761322,-0.028418330978350493
2020-09-11,-0.013216055069260022,-0.0187214757293059,-0.0067657729147910985,-0.0065463165329220085
2020-09-14,0.029558887909526516,-0.004261050710177225,-0.004582513021656707,0.006740951519330019
2020-09-15,0.0015591649052824736,0.016986906487693396,0.017274042569699475,0.01627311290454334
2020-09-16,-0.029957835852824532,-0.02503409881608985,-0.015115798500021434,-0.018027046783877048
2020-09-17,-0.016092548501272213,-0.02279449983567252,-0.0167052176585887,-0.010491365253864241
2020-09-18,-0.03223410479230346,-0.018049831297685878,-0.024472455108376992,-0.01249708627763157
2020-09-21,0.029874898099157037,0.0018798451658920035,-0.01454260715562534,0.010671945798446473
2020-09-22,0.015593686646438384,0.055362197019776946,0.020540640789079842,0.023808447741206922
2020-09-23,-0.04285126403841192,-0.04214463095521935,-0.03515635271687763,-0.03348279909761448
2020-09-24,0.010216659951925375,0.0066217097971920415,0.009512020838425592,0.012878500087681311
2020-09-25,0.036829413061438394,0.024642604582375296,0.011321398506535229,0.02253081692788397
2020-09-28,0.02358852780559971,0.025178461064278568,0.01352790439297709,0.0077649142357634
2020-09-29,-0.007596660082283912,-0.00923261654532486,0.005033239962568585,-0.010463187231673504
2020-09-30,0.014963290946083146,0.0012233973846267278,-0.0002866716917607281,0.014703652780120873
2020-10-01,0.008426523607058603,0.022773457377156782,0.015101097847158788,0.010076005458478341
2020-10-02,-0.03281257620276191,-0.030338326155417573,-0.021947617185074424,-0.029955534291317185
2020-10-05,0.030326389342988112,0.023466537334268914,0.018534327395767176,0.020117231395577834
2020-10-06,-0.029088260365604062,-0.03151160525254176,-0.02168566307767339,-0.021476393598570804
2020-10-07,0.016824621824153032,0.030413812448158245,0.005580388122525905,0.018858552589939563
2020-10-08,-0.0009564798346312135,-0.0016097349459189387,0.016509801451529336,0.0035681622095314804
2020-10-09,0.017246327092741768,0.02967554216621051,0.01805071555947908,0.024532644310866283
2020-10-12,0.06158483258351052,0.0464540159772508,0.03521603962150417,0.025572622529932292
2020-10-13,-0.026885590973456632,0.0002033158031418585,0.0015839624667938826,0.006572760484885446
2020-10-14,0.0007428048770242562,-0.023481628688544316,-0.002319346401078367,-0.009014742875457888
2020-10-15,-0.003968580329469052,-0.007478033616218114,-0.0051106326359859665,-0.005447967981094183
2020-10-16,-0.014099274570282412,-0.01994812848396483,0.007831874696050898,0.0
2020-10-19,-0.02587371127764159,-0.020216949722746604,-0.024374545824906016,-0.02507748242467568
2020-10-20,0.013105673172425251,0.0030508956211158598,0.013716405719182452,0.0020051841368001386
2020-10-21,-0.005461398537716979,-0.01001890884724982,0.022257256412930252,0.0006987430099648037
2020-10-22,-0.009629608408221337,-0.002684886825932588,0.012948767904030234,0.0004185820411352062
2020-10-23,-0.006152785575627948,0.008776346822349299,0.016249150431373337,0.0062164347187665
2020-10-26,8.706154639829453e-05,0.0008235515832760146,-0.030270300963146337,-0.028854087053198394
2020-10-27,0.013382530724616247,0.02442300268945314,0.009167021023252397,0.01497669025006288
2020-10-28,-0.047418974248405875,-0.038319991707740156,-0.05666396517674243,-0.0508366311538844
2020-10-29,0.036380503944890064,0.015134134911874026,0.03004437605374734,0.010014680165596188
2020-10-30,-0.057648246867298476,-0.055995337191590895,0.037338132344165685,-0.011051498867226672
2020-11-02,-0.0008271174162620988,-0.010485731675678473,0.005067382189398579,-0.0006916004243798845
2020-11-03,0.015236866529363997,0.014515652838803237,0.013052267140868124,0.020061181647452343
2020-11-04,0.040024777021080205,0.06131112770815112,0.05910006298725241,0.047121164372377754
2020-11-05,0.03487825025855993,0.024635765802841537,0.009491624709563731,0.03138887110080956
2020-11-06,-0.0011366608255341394,-0.0032050668056014093,-0.001572856777352136,0.0019240258748722098
2020-11-09,-0.020170107002896943,-0.0519488297063862,0.0009599383584088172,-0.024112935671508243
2020-11-10,-0.00301343592485892,-0.03519509049367411,-0.013546268956076654,-0.03437697954989117
2020-11-11,0.02990125404655513,0.03317322672809136,0.005457694695200359,0.025916002691863737
2020-11-12,-0.0023461413270989056,-0.008678484699991355,-0.0025273261461930627,-0.0051389664112639335
2020-11-13,0.0004194843306826229,0.005939975842648188,0.016751131711493873,0.004954344992685259
2020-11-16,0.008682399624781529,0.0007187867984453675,0.0009983637266143732,0.003319813200281813
2020-11-17,-0.007593074719628181,0.001468143007621713,-0.006997184042311604,-0.012833452584947924
2020-11-18,-0.011456563413806185,-0.009677888280344956,-0.012003853823895995,-0.013271340390771866
2020-11-19,0.005154817030448966,0.003715583547472407,0.010248104000719519,0.006328252855741662
2020-11-20,-0.011017738747309687,-0.0056688516272875725,-0.012698470570003844,-0.009602401171843876
2020-11-23,-0.030194252441040195,-0.0003259651773973119,-0.005092583557128463,-0.0013318547654821318
2020-11-24,0.011527903821265516,0.006328425701275153,0.02081739268056153,0.01769047735463209
2020-11-25,0.007439223280099341,0.021263218006347694,0.0001302099268923489,4.6756910976747376e-05
2020-11-27,0.004814730131122352,0.003219256968037136,0.01289183502860958,0.006338806910881955
2020-11-30,0.020880037370365388,-0.008580433078829422,-0.01842250411499776,-0.00540420164826697
2020-12-01,0.030361712454120338,0.0162931356533559,0.023078666856489023,0.009947131547304979
2020-12-02,0.0029292912560596684,-0.00515287341781244,0.01635800135658971,-0.0038926960389174103
2020-12-03,-0.0011379760431383093,-0.005257991204430573,-0.0017165473882428234,-0.005260496088016491
2020-12-04,-0.005628554611608391,-0.007607189417695092,0.0010533481693407178,0.0005599440202297313
2020-12-07,0.012195334812825974,-0.001449259101838023,-0.0036970369210415446,-0.0003268921876623469
2020-12-08,0.005077988229410314,0.0060897673194401595,-0.0031419485027810597,0.007994569429027777
2020-12-09,-0.021125214993688492,-0.023272568006966705,-0.018651033682949153,-0.019682135603461742
2020-12-10,0.011917573528331773,-0.0008734778193995013,-0.005759246921382756,-0.006061721164293673
2020-12-11,-0.006757715867574869,0.004802302959357711,0.004036649633080526,0.012931362074963234
2020-12-14,-0.005159857660756835,0.012927776593180737,-0.012781331629078851,0.004398007525315932
2020-12-15,0.04887601602206205,0.0025782705182143205,0.005020890356641587,-0.00032683994316524235
2020-12-16,-0.0005474081421351694,0.023678659082595685,-0.0022114131333461308,0.023766305849218374
2020-12-17,0.00693919089309386,-0.001506881775001751,-0.009537746157950845,0.00063801108853292
2020-12-18,-0.01597743407625473,-0.010696397444651836,-0.00824408745894343,-0.003789819160069161
2020-12-21,0.012319061058838928,0.001413904523066775,0.0048197648317848925,0.01813380191433992
2020-12-22,0.028067098168043907,0.00010602891458408637,-0.008301599604291079,0.006046656513167004
2020-12-23,-0.007000677942805835,-0.006649178948489452,0.004645595334652274,-0.013125169892598425
2020-12-24,0.007682620019115794,-0.003957235360226408,0.0034254144827523987,0.007797112864935643
2020-12-28,0.035141099065492655,0.034470151618254896,0.022690962256856774,0.009872355773011196
2020-12-29,-0.013404399227017983,0.011517048584034767,-0.00917388416325527,-0.0036070181858040553
2020-12-30,-0.008563206463184952,-0.01094170357368153,-0.012312715680955422,-0.011080557221491873
2020-12-31,-0.007732627669333404,-0.008840331459923346,0.009395806427248063,0.0033325464268268144
2021-01-04,-0.025030010750002423,-0.02182109847190733,-0.015241412520522904,-0.021495460540765794
2021-01-05,0.012288140443954942,0.009954646073317086,0.008031919625069247,0.000964177494708959
2021-01-06,-0.034241229603122765,-0.025211776834210834,-0.009916670150269669,-0.02627135515573836
2021-01-07,0.0335541691151335,0.007548565530855581,0.029431376561494468,0.028059580559387797
2021-01-08,0.008594240959087214,0.006474509430722278,0.013151895346309426,0.0060741972191223036
2021-01-11,-0.023523269125863337,-0.021754382256951105,-0.023376858464428982,-0.009745802475678507
2021-01-12,-0.001396607461628158,0.002123540741920703,-0.010796686437098087,-0.011840452476592656
2021-01-13,0.01609625130419304,0.014335165650269394,0.005636244065776451,0.006538780627283688
2021-01-14,-0.015242685689896342,-0.01220978211670719,-0.00939013355811511,-0.015465116407717909
2021-01-15,-0.01382562233084242,-0.007452299659631569,-0.0019081656588526453,-0.001738453134389483
2021-01-19,0.005412410971675481,0.005304424924284414,0.03237661502353696,0.017665756127082786
2021-01-20,0.032327716290853944,0.044686981065348005,0.052187510163386276,0.0358495598903024
2021-01-21,0.03600266050380019,0.01327491862890803,0.0021677372818285257,0.0028041376923215577
2021-01-22,0.01594598631468683,-0.004473303364494828,0.004453680967070751,0.004346601993450176
2021-01-25,0.027307146562466664,0.0005374909810066927,0.0009083297639005651,0.01572010927171485
2021-01-26,0.0016782991048327094,0.009706872588035214,0.007190625208439244,0.012125043917816129
2021-01-27,-0.007713621690547162,-0.028528919404602372,-0.0477755233024654,0.0024502525235225304
2021-01-28,-0.03561182334769658,0.001557905206109897,0.01866009762606258,0.025561605677386037
2021-01-29,-0.03813872610094109,-0.009752051571646207,-0.014041736421363726,-0.02960577376425272
2021-02-01,0.01638512847049666,0.041746274050055085,0.03532769241502782,0.0326146436069811
2021-02-02,0.0063167507718377034,0.011043015400718599,0.013666907927173516,-0.0005844028089528052
2021-02-03,-0.007808772484150154,-0.020163489626646183,0.0702953832285386,0.014466254093855786
2021-02-04,0.02543152579473593,0.00556035766663457,-0.0025532074067271798,-0.004082259984653844
2021-02-05,-0.003102791094866553,0.0063293425623789645,0.016995100778243812,0.0007848228996808046
2021-02-08,0.0010962091041384005,-0.008751967758836224,-0.002065595707738663,0.0011141231209735405
2021-02-09,-0.006595582449700108,-0.005413479034808956,-0.00438933971748421,0.0053470538300919475
2021-02-10,-0.004568780359041886,-0.005588994815406755,0.0053293046597499135,-0.003904665126035009
2021-02-11,-0.0019220055251205942,-0.007467083315264711,0.001087308770161742,0.00685401258480135
2021-02-12,0.0017745121584453018,0.004764600739063575,0.0030020949060877425,0.0020429819196069506
2021-02-16,-0.016235264613303064,-0.002676197092374675,0.007451884647608386,-0.005279517002756011
2021-02-17,-0.01780140917065478,0.012068471325383062,0.0037452163326186574,0.004350150532607664
2021-02-18,-0.008673725637001377,0.005903355134450001,-0.0060647740763226385,-0.001680339858995055
2021-02-19,0.0012325135596307733,-0.023816428691007405,-0.008105735341323963,-0.011634813362293028
2021-02-22,-0.030252127536670063,-0.02151030634661799,-0.016678849626291202,-0.027174220875821855
2021-02-23,-0.0011117933175100847,0.004316729031036398,0.0028486200753841343,-0.005301614408528033
2021-02-24,-0.004060322244627743,-0.011007327640787778,0.01143376628962744,0.005472175854546291
2021-02-25,-0.03540180118538661,-0.03293690001850802,-0.033107477115889884,-0.023990352510593397
2021-02-26,0.002229047712080786,0.011632467716052848,0.0029520682819579192,0.014695558906033714
2021-03-01,0.05245129636546572,0.017057488725899683,0.02334174556689821,0.019433100377812384
2021-03-02,-0.021114991983807892,-0.016540301818484742,-0.0025058811799447407,-0.013041679772499358
2021-03-03,-0.02476054602551048,-0.029358478249911932,-0.026042471301555806,-0.027351478479468446
2021-03-04,-0.015938284111757167,-0.009170074897274566,0.011133904154254144,-0.0036541154083458223
2021-03-05,0.01068112834667677,0.007658083796422065,0.030571186492646753,0.02125201194479524
2021-03-08,-0.042566655308784146,-0.016299583149453855,-0.043650888546269744,-0.018345369100139407
2021-03-09,0.03984519833141383,0.036879873274693574,0.016236083043891673,0.02771406458075842
2021-03-10,-0.009209096832672308,-0.0017024656850275469,-0.002045824497951985,-0.005834341332467676
2021-03-11,0.016367956381092306,0.018133028189585527,0.03111400935038428,0.020062479059109503
2021-03-12,-0.007654648660986634,-0.0077703841773409145,-0.02435465101143129,-0.005836717082456589
2021-03-15,0.024162574149388397,-0.002531144890792291,0.002163536482965284,-0.003995220317682099
2021-03-16,0.012662400657255057,0.0032979661178309406,0.01423299939140697,0.012274841471973228
2021-03-17,-0.006471444738826253,0.014089129048404545,-0.0008015932573779734,-0.002822765388616372
2021-03-18,-0.0344932012642671,-0.03496292546552067,-0.029674032825025433,-0.027023826577921364
2021-03-19,-0.004490362409594027,0.015392830040768038,0.002776480028296249,-0.0016049994513693498
2021-03-22,0.02794170620710921,0.011610547696605156,0.0018385420678104537,0.024189458013562894
2021-03-23,-0.006912573716457055,0.008523856571831514,0.005225869186213663,0.006714841431347109
2021-03-24,-0.020196056399223835,-0.016203881085462144,-0.004320260982362877,-0.008963156806017076
2021-03-25,0.004154937078384977,-0.013307791454017294,-3.439434599626253e-05,-0.013339281469489978
2021-03-26,0.005128328456367913,0.0018923206745425616,-0.003810499300157604,0.01766172792156828
2021-03-29,0.0014838445646447563,0.007735312514846097,0.010347558132977911,-0.005257198641938092
2021-03-30,-0.012350229009453397,-0.006667777807782873,0.00033241564545826276,-0.014515725849258693
2021-03-31,0.01859150922458732,0.012616087083554913,0.007812120247230057,0.016766141460111218
2021-04-01,0.006934567503553851,0.021397878158709596,0.032090097642304215,0.027526237078200653
2021-04-05,0.023303589009993013,0.020580800847156144,0.04101995622855311,0.027351007323361
2021-04-06,0.0024592370231119485,-0.0009022971624071701,-0.0043810364523831575,-0.004869903694375967
2021-04-07,0.013301606495733276,0.01709045911872312,0.013385170175960335,0.008196748949616616
2021-04-08,0.019051028738055267,0.006052887214350471,0.005078621928001016,0.01331623548769993
2021-04-09,0.020049500836192936,0.021855051421528913,0.008953614777915318,0.010214334134143006
2021-04-12,-0.013321411314036892,0.002129852126864464,-0.01153870943907555,0.0002343715367704348
2021-04-13,0.02401561731559309,0.006080225513606812,0.004360966153052412,0.01003126388827419
2021-04-14,-0.01801441964265257,-0.019902668921269934,-0.00556898569127947,-0.011282355660624426
2021-04-15,0.018535031408689697,0.013733669660684043,0.019147216046128183,0.015182069737270142
2021-04-16,-0.0025310619603693455,0.006004280530908502,-0.0010945863671844075,0.004766946651648417
2021-04-19,0.0050558497788837425,-0.008101740463144907,0.003066081703055807,-0.0077000829031577765
2021-04-20,-0.012913100547563871,-0.011129268476364956,-0.004705829002607609,-0.001856827020383669
2021-04-21,0.0029256424709188725,0.008162267510845943,-0.00028959095362476807,0.0089430562031483
2021-04-22,-0.011754160955418093,-0.015883879438343667,-0.011401978783778884,-0.013172451869429669
2021-04-23,0.017877600505546647,0.009576191314045886,0.02082917379156473,0.015357678899473322
2021-04-26,0.002973726582140457,0.020184691912166108,0.004338527394872642,0.001530219306416725
2021-04-27,-0.0024525722192762604,0.0024698649221989518,-0.008237478075314972,0.0016047763164392865
2021-04-28,-0.0060455546528566636,0.011946146532530181,0.02927509863260996,-0.02869356685761961
2021-04-29,-0.0007488551619744236,0.003697092085053035,0.014192646659285083,-0.008085602942740487
2021-04-30,-0.015248799557902898,-0.0011212645540177846,-0.016543935630174825,-0.001307885821842871
2021-05-03,0.00818142380192371,-0.02361686640013657,-0.004437229806756096,-0.0012695456507381127
2021-05-04,-0.036026471212411836,-0.022280927908247625,-0.015592035276722116,-0.016292012064016453
2021-05-05,0.001953585120203534,-0.012557955081461925,0.0034360329688965787,-0.005341183918423731
2021-05-06,0.012721099234222785,0.010895826077640012,0.009707435985893784,0.01314006045861075
2021-05-07,0.005313242831386105,-0.004474051509126132,0.0062184605779832935,0.010872495290920494
2021-05-10,-0.02614342232903644,-0.031202294199865952,-0.0259205442580554,-0.021136182674995594
2021-05-11,-0.007437816164227876,0.010420336143649124,-0.009509394750744965,-0.003850575746190517
2021-05-12,-0.02525488402285396,-0.022576744303825176,-0.031235344042392418,-0.029802622213679065
2021-05-13,0.017761144573620494,0.0030189822880309276,0.013000028584014214,0.0167211981604936
2021-05-14,0.019650555093398216,0.019244482527551766,0.021893685747572448,0.020848791629726488
2021-05-17,-0.009301690987759079,0.01462764646007257,0.0046153734010683355,-0.012040755234789582
2021-05-18,-0.011309624950110495,-0.011721487581113643,-0.011622930734457916,-0.008602019300783595
2021-05-19,-0.0012821807772101057,-0.00014852585753418506,0.003983226169565888,0.0024710448036403443
2021-05-20,0.02079432364949646,0.004901676923524499,0.015485985433976522,0.01372547832183411
2021-05-21,-0.014877138127734824,-0.013828021471269424,-0.005572709650948953,-0.005328823974406023
2021-05-24,0.013226386198903114,0.0129993563234214,0.028748664673988726,0.022624098255332573
2021-05-25,-0.0015750599941633742,0.004323491452926749,0.0007747209538323868,0.0037412709557372546
2021-05-26,-0.0003940144913583644,0.0018730010825371592,0.007353756959720697,-0.0009140438988096823
2021-05-27,-0.012453999410099876,-0.010792589148289969,-0.007434193334575289,-0.008706203244158958
2021-05-28,-0.005362236553844829,-0.002181807353604432,-0.002470666300734882,0.0014830330539052495
2021-06-01,-0.0026519658040406683,-0.0013723560569097765,0.010270254252650903,-0.009173697702394264
2021-06-02,0.006256549103919432,0.004754641593085972,-0.0044572792261104695,-0.0004042662180963549
2021-06-03,-0.012228526420879142,-0.014633490299348802,-0.009753964384448893,-0.006450074675685827
2021-06-04,0.018843474615296944,0.0060095641643640885,0.01940106213429416,0.020463923925464318
2021-06-07,7.941631184846318e-05,-0.0025639767739557943,0.003640634731052441,0.011969901621687103
2021-06-08,0.006649909418017754,0.02045844509486988,-0.0016081103826507985,-0.0048973093964464675
2021-06-09,0.003072292732608904,0.005206770515708458,0.003953165118874524,0.004030359058204682
2021-06-10,-0.00805548162201435,0.020661910893956897,0.011228482498566021,0.014290556645068685
2021-06-11,0.009784479240812658,-0.0008421810689315857,-0.002026525642200993,0.002523669430658082
2021-06-14,0.02428078659150567,0.011006334685231454,0.007669409609005815,0.007725508010108054
2021-06-15,-0.006458564019289608,-0.00021872359760794925,-0.008414496731418726,-0.005904728041228258
2021-06-16,0.003926414755299154,0.009449397061352359,-0.005342964168505058,-0.003800421303955203
2021-06-17,0.012521783305393627,0.02143330072900694,0.008007754328483545,0.013583940248360566
2021-06-18,-0.010142897118492488,-0.000670883305820527,-0.013500036002546545,-0.005650595105066956
2021-06-21,0.01400538120231353,-0.009491708765252797,0.014066702771640396,0.01225924325145682
2021-06-22,0.012618549399068079,0.014794678093753032,0.004243407023524313,0.01090643483276026
2021-06-23,-0.002092123439536487,-0.00046229652298874693,-0.001664946389192605,-0.0009044294079308594
2021-06-24,-0.0021710400547058526,-0.015746270765313524,0.003049545234933767,0.005338992773082131
2021-06-25,-0.0022515175269514276,-0.013902758645549816,6.935522034687729e-05,-0.006281917759808067
2021-06-28,0.012468237030800772,0.012396928694551673,0.0002245249114678197,0.013864761243268603
2021-06-29,0.011434341901490187,0.0012332733462509843,-0.0021527104127615476,0.009923844575087088
2021-06-30,0.004610711280058292,-0.0023169853895690052,-0.001497786075763467,-0.0018438520954872672
2021-07-01,0.002260735181219238,-0.002092189192267082,0.0029035570239999637,0.002580465313122826
2021-07-02,0.019406880348399838,0.02246941064938596,0.022713692057299707,0.022031004767912397
2021-07-06,0.01461112916294409,0.04585930904650017,0.007417063670647404,3.607679532382999e-05
2021-07-07,0.01779600482162179,0.0056535525885647525,0.0022480782538918877,0.008142163064621366
2021-07-08,-0.009242213373483648,0.009378115281815287,-0.011371073493572966,-0.00900711264162027
2021-07-09,0.01297030606541293,-0.0032399471675578434,0.003787504257898885,0.0018727527425811694
2021-07-12,-0.004212691253308561,-0.00021237069203446337,0.011541009558487851,-0.002232980010918523
2021-07-13,0.00785855765036064,-0.011138754050319735,0.0028782542367302797,0.01311127914872572
2021-07-14,0.0238143874169482,0.0011740849089997769,0.007007721738864192,0.0054306617703952864
2021-07-15,-0.004501760991385018,-0.013806009042966375,-0.009653683047361328,-0.005252765584607413
2021-07-16,-0.014176215532415494,-0.015981254351190455,-0.0002756118497632507,-0.0009968290953185086
2021-07-19,-0.027282953431701614,-0.006749758546577603,-0.01901889585356814,-0.01341099403712331
2021-07-20,0.025642033901184243,0.006626609097477396,0.013011249885059818,0.008304761876536976
2021-07-21,-0.005145082701854698,0.0033554749445127334,0.010557481529708496,0.007418645111738713
2021-07-22,0.009582990312964612,0.014628121323517897,0.006817099641349407,0.016704341203096863
2021-07-23,0.011917668819524026,0.005102345801164877,0.03514407650525312,0.012260903785686398
2021-07-26,0.0028903050595398875,0.011739458318775495,0.007639190208472663,-0.0021426787522087366
2021-07-27,-0.015012688146252263,-0.02004647134574264,-0.016057138783267977,-0.00872135081125967
2021-07-28,-0.012270709719178867,0.0010831503488784933,0.03130162620198217,-0.0011176302769687623
2021-07-29,0.004542025012626857,-0.008409199103878962,-0.0023280739738227216,0.0009777879831154863
2021-07-30,0.001509471107524821,-0.07866330887549154,-0.007770658716231917,-0.005564980161395477
2021-08-02,-0.0023338193636944435,0.0011683541547145397,0.0009497189969848715,-0.0003159185129563737
2021-08-03,0.012565016750047637,0.010379692962522098,0.005734052251595201,0.008042627889681003
2021-08-04,-0.002786450843388617,-0.003428109147843768,-0.0037266777766289836,-0.002126656518890343
2021-08-05,0.0007486108839996485,0.006320347457217287,0.008298572591740239,0.010450940895821064
2021-08-06,-0.004778424571392023,-0.009239891315900388,-0.003772351557297377,-0.00020739308387838235
2021-08-09,-0.00034209990898954575,-0.0009181548153357011,0.008615471751183278,-0.003911400502855914
2021-08-10,-0.0033597933184256294,-0.006361004973165342,-0.0007742635944244168,-0.006576358221167435
2021-08-11,0.0017837911018736225,-0.008640868502137664,-0.003867145231733259,0.0017788149854417803
2021-08-12,0.02056085084937875,0.0034538388189029033,0.006691763042663486,0.009917440279729055
2021-08-13,0.0014094234509500134,-0.0028889970825907705,0.003881117031055543,0.010435171570417678
2021-08-16,0.01345676718211962,0.0015227871766333222,0.004216756095839005,0.005957821781646328
2021-08-17,-0.006172651230584623,-0.017438191452478862,-0.011986804350018249,-0.005172928070067475
2021-08-18,-0.02583199004305242,-0.012646113476257194,-0.008911755693497784,-0.0061380724759312515
2021-08-19,0.002320054000550623,-0.004216696494284563,0.001703746380919265,0.02056244595809167
2021-08-20,0.01010581464683296,0.0038198497898503034,0.012811903486605637,0.025254010167170736
2021-08-23,0.01020493419148774,0.02039103748353467,0.018827918346628517,0.0009520487995713877
2021-08-24,-0.0006015278947787905,0.012146253464241655,0.008673947947420666,-0.006685747635727261
2021-08-25,-0.00845697918964214,-0.0019985098458953207,0.005770491132246697,-0.0020177300166122334
2021-08-26,-0.00554246949063319,0.005085305152845157,-0.004503986569426848,-0.009715630581425268
2021-08-27,0.0071588563359195265,0.010090674197310714,0.017961646260695914,0.0021043357413287273
2021-08-30,0.029963960426641515,0.021249618004886027,0.004064683756007331,0.012829355893187193
2021-08-31,-0.00846066978579108,0.014282714711431693,0.0007396072537388207,-0.005648297859701203
2021-09-01,0.0044687478659763274,0.0023626160329893353,0.0035735839843117133,-0.00016591884809308033
2021-09-02,0.007447103109053784,-0.004574927931495782,-0.013369293155663065,-0.0022554844375922293
2021-09-03,0.004221598991714979,0.004301820154126882,0.003153138573864707,-3.2884980489818824e-05
2021-09-07,0.015370397349396396,0.008941925919554996,0.0037566755712563197,-0.003193207997097115
2021-09-08,-0.010134616608675097,0.004608538783881409,-0.004094177976505474,0.00010001775533604421
2021-09-09,-0.006727864483639644,-0.011795296134862758,-0.0010445522111611563,-0.009908801209439667
2021-09-10,-0.03366189576165878,-0.004317307606338972,-0.018740520441305867,-0.005194406838862755
2021-09-13,0.0038859806923998035,-0.0034592661286029646,0.010285869326937615,0.004319216598971224
2021-09-14,-0.00960813242297767,-0.0020761346389200496,0.001488204099373373,0.009384094162979579
2021-09-15,0.006124890400784967,0.007447589064120205,0.013137357409199307,0.016638827364048252
2021-09-16,-0.00161171927674697,0.003575505609499879,-0.005690220948741158,0.0013116135080902635
2021-09-17,-0.018518369306965776,-0.007400637151307249,-0.019760878574718668,-0.017683893052944374
2021-09-20,-0.021592630288090674,-0.03132736193754281,-0.014886459022063528,-0.01874934166362609
2021-09-21,0.0034222101288341016,-0.0036122637458179565,0.0022574280791841502,0.001697553859866693
2021-09-22,0.01673164067247136,0.010833453848678572,0.008953905436513481,0.012740764593704705
2021-09-23,0.006696664000055771,0.010579777062858911,0.006625398792443816,0.00327683318597187
2021-09-24,0.0006129543678879124,0.0027829969154169873,0.007049363255487499,-0.000701327849053879
2021-09-27,-0.010605898242401624,-0.005773469524888403,-0.008069756845377718,-0.01745554872009536
2021-09-28,-0.024089502300466883,-0.026732621677354657,-0.037866239075091235,-0.03687532866931684
2021-09-29,0.00646212346849849,-0.004485396155336227,-0.010929708186907605,0.0016917482893682872
2021-09-30,-0.009355262181593526,-0.004882981617736262,-0.005055366777271971,-0.007350811462839437
2021-10-01,0.008094167723339213,-0.0005420246980202862,0.02122065653159032,0.02514931320886489
2021-10-04,-0.024913374827300678,-0.02888485808454832,-0.021344219118122724,-0.02093730190770044
2021-10-05,0.01405917855239949,0.009739950346903852,0.017528657467051862,0.0197607003881689
2021-10-06,0.006287365966657381,0.012651646071788683,0.011272398251420025,0.01495165420338399
2021-10-07,0.009043176473590746,0.012315060502089633,0.011994955382647159,0.005918858954107197
2021-10-08,-0.002725176484048805,-0.004190573462060326,0.00401774044323013,0.0
2021-10-11,-0.0006298757821135224,-0.012952121105274618,-0.006254134281161918,-0.002104828522948871
2021-10-12,-0.009144966831674095,0.0003172241904451794,-0.017903929410867277,-0.004598743613562332
2021-10-13,-0.00424890575572101,0.011314351840536129,0.008268996193546181,0.011642986132184466
2021-10-14,0.020023696989278184,0.004732543058962018,0.025610046679731647,0.021501320377031893
2021-10-15,0.007484691600295645,0.03254486320029431,0.001536082656848666,0.004810936953239135
2021-10-18,0.011736740006000576,0.01100400576947037,0.00992468823591589,0.01007369023468804
2021-10-19,0.014967678178197809,-0.0007517249304827118,0.0032097348317739697,0.0030542620078981035
2021-10-20,0.003355584642774434,-0.00848206698962188,-0.010301644530231047,-0.00266381239020379
2021-10-21,0.0014728767219849672,0.005824760045406363,0.0008248170059690633,0.01083826773765413
2021-10-22,-0.005299122081626035,-0.029382296136388146,-0.030916408077571744,-0.005161627385038818
2021-10-25,-0.0003362320227619743,-0.004561377086082202,-0.0008690586847578428,-0.0033374457743559948
2021-10-26,0.004564433672511096,0.016636110939323188,0.013452442277778807,0.0064052979370424834
2021-10-27,-0.003152641290329328,0.004851848967382222,0.04840437647715768,0.04125156717963288
2021-10-28,0.024684118043317688,0.01581542696620515,-0.0025234423278068744,0.003644643237174202
2021-10-29,-0.018322358037775092,-0.021745984346714802,0.01495126673235996,0.022166407779447412
2021-11-01,-0.005623074295479181,-0.01623822909338356,-0.031208996907368645,-0.006807905722622152
2021-11-02,0.007091061419274486,-0.0016167159617979095,0.013398033049325004,0.011351097866300274
2021-11-03,0.009750858069463988,0.021279781969291613,0.00798208517790922,0.0026081728695617036
2021-11-04,-0.0035046356061766643,0.02711146442608225,0.011323938919416758,0.007278806073406984
2021-11-05,0.003575728704779738,0.012004091021206855,0.003934407297768033,-0.0011299526846356778
2021-11-08,-0.005567944264107656,-0.008564519878774466,0.0012018567041052388,0.002763204193942623
2021-11-09,0.0024561100433181317,0.024699674045048896,-0.0007551308673011289,-0.003090694778464725
2021-11-10,-0.01934893322074968,-0.026687971077505174,-0.020522330765924437,-0.015448327091853705
2021-11-11,-0.0003382266788697478,-0.0027463665972794556,-0.000870870767719179,0.004915485103655084
2021-11-12,0.014235264961597957,0.015048234458080111,0.0197767580885545,0.012822277704130438
2021-11-15,6.661525603879615e-05,0.005806911669058077,-0.001521149557831761,-0.0019322894860048533
2021-11-16,0.006644471942915183,-0.001405473377029005,-0.003887468279999917,0.010184079394701076
2021-11-17,0.016355613098657174,0.0023413880700420314,0.0011556135057872508,0.0006781800278547402
2021-11-18,0.028136651265834024,0.040601497259703,0.012028203505342736,0.006320206766525387
2021-11-19,0.016833361599046345,-0.005287066211290259,-0.0061052115553112025,0.005376886528289324
2021-11-22,0.0029232287822371352,-0.02869509488188082,-0.01777970282601614,-0.009605555273800874
2021-11-23,0.0024190191772355076,0.002088774763957146,-0.003560698264743174,-0.006346981362755554
2021-11-24,0.0032782429559416325,0.00010331000315118602,0.0023156957669207014,0.0006812617230110544
2021-11-26,-0.032191099408060905,-0.021412317856405228,-0.027313151895433384,-0.02465740648917942
2021-11-29,0.021638075736505308,0.016136535670027943,0.023270724561852564,0.02086206700955392
2021-11-30,0.03108897553676999,-0.015420562086679022,-0.02528057133175371,-0.018105353843403546
2021-12-01,-0.003211217179173443,-0.018228623739821467,-0.0059799286902953025,-0.001544249812010144
2021-12-02,-0.0061485059896778035,-0.001848596514633391,0.013481634767649745,-0.0017888152347228879
2021-12-03,-0.011793819715008187,-0.013935728778151546,-0.006769057378949375,-0.019862543394970206
2021-12-06,0.021275089405799003,0.011025217696555534,0.008090235040744437,0.009796651936612992
2021-12-07,0.03483209643737363,0.027602038798318594,0.02833630093017468,0.02641172721566776
2021-12-08,0.022527418873880694,-3.689939734869626e-05,0.006207388473865537,0.00014916028286910855
2021-12-09,-0.002974501543367499,-0.011343741238858878,-0.003704925942040144,-0.005598161011736023
2021-12-10,0.02762829430441967,-0.011311296797986634,0.0024557307768927365,0.027945735418335525
2021-12-13,-0.020891096045186824,-0.015475202151186945,-0.014804805553087769,-0.009209140209327138
2021-12-14,-0.008055497205954271,-0.002811076756339546,-0.013250335937253563,-0.03312979105056363
2021-12-15,0.028110248085216172,0.024670732493370397,0.017455392041461952,0.01903538682711154
2021-12-16,-0.040055430109776954,-0.02597563931621664,-0.01372392832070769,-0.029567510497979958
2021-12-17,-0.006522947840090877,0.006766260845510533,-0.019010265997710378,-0.003391342121665991
2021-12-20,-0.008155182555349149,-0.01743466066061881,-0.000833023704427436,-0.012086409162020226
2021-12-21,0.01890707074824951,0.01978169533389277,0.01308787701554925,0.02280687997823647
2021-12-22,0.015202569428484266,0.003631503982249459,0.02030170215040156,0.017896402201257863
2021-12-23,0.0036371873433270665,0.00018411946479317587,0.003419324618061781,0.004461725723605955
2021-12-27,0.022714751516010503,-0.008211646321395375,0.006715896746898184,0.02292091587563554
2021-12-28,-0.0057839212843830146,0.005826710732445391,-0.008279283717915134,-0.003510396486776104
2021-12-29,0.0005021446698704221,-0.008591725101779567,-0.00021809295916447853,0.0020494050187470207
2021-12-30,-0.006600033011526654,-0.003294427727342962,-0.0031038086545829807,-0.007721170421261101
2021-12-31,-0.0035416558684378476,-0.011495217795266778,-0.00926654723586154,-0.008880313393777121
2022-01-03,0.02469660594629941,0.021877258953900566,0.0009625197449244782,-0.004679083400924338
2022-01-04,-0.012772717546149046,-0.017060289689663746,-0.004091297221280049,-0.017295773368294114
2022-01-05,-0.026960061926991033,-0.019073846316683307,-0.04696202070616592,-0.03914429494870094
2022-01-06,-0.016834347046884614,-0.006733601858714689,-0.00019952093851064465,-0.007933200556601386
2022-01-07,0.0009879033526496047,-0.004296997177475961,-0.0053172805085497455,0.0005094771021236351
2022-01-10,0.00011624485735813644,-0.006591854785116594,0.011988353322576244,0.0007320253171726661
2022-01-11,0.016644371732213354,0.023718602439306714,0.007661483142310179,0.0022568339563042426
2022-01-12,0.0025670221447617264,-0.0009377696670975312,0.012053496297087383,0.01039081797879793
2022-01-13,-0.019211393876974986,-0.024466534551061184,-0.020309909539914964,-0.043244271984322104
2022-01-14,0.005097754911785707,0.005715124523055335,0.006426374115730686,0.017561679247596315
2022-01-18,-0.01907513387561432,-0.02006265472349509,-0.025284313917703898,-0.024640381430784553
2022-01-19,-0.021248856260232887,-0.016614359071245203,-0.00650300579325675,0.0022444793093503303
2022-01-20,-0.010400833918023804,-0.030080217077818206,-0.013479046879334334,-0.005719933025026696
2022-01-21,-0.01284759073995279,-0.06134555364691525,-0.022423557779812097,-0.018640879665611704
2022-01-24,-0.00487611818501008,0.01323896043083007,0.0034652646391015295,0.001147859140462167
2022-01-25,-0.011450120853925966,-0.03204163984338447,-0.03002488008458043,-0.02694836575003421
2022-01-26,-0.0005632723494665518,-0.007986135126473034,0.017941934875480313,0.02809501492096251
2022-01-27,-0.002947513820347247,0.005493528624727967,-0.0017659493447063847,0.010493689042731978
2022-01-28,0.06745100264801013,0.030610731040560255,0.03313364493632908,0.027694880084788334
2022-01-31,0.025790215959250937,0.038127433338896885,0.014535591168521964,0.00878490905253639
2022-02-01,-0.0009732327916929014,0.01077253018259915,0.017150089782420587,-0.007164475897500346
2022-02-02,0.007019701914040582,-0.0038501180924552735,0.07254175676979252,0.015107489107919628
2022-02-03,-0.01686119106398897,-0.08134849507057183,-0.033738621030111604,-0.03973108497060034
2022-02-04,-0.001680572882098385,0.1269489157684572,0.001417931243929361,0.015448485664054604
2022-02-07,-0.004243621157582549,0.001875974577811346,-0.028972620641375346,-0.016444881574717757
2022-02-08,0.018298086346777306,0.02178265381683596,0.0014214762626429788,0.011923869385439295
2022-02-09,0.008259598977917131,-0.0013886979453967615,0.015609140767454137,0.021599925035916557
2022-02-10,-0.02388177356152725,-0.013654506185153747,-0.02121321674273197,-0.028783541733110155
2022-02-11,-0.020425760494692153,-0.03657177570139793,-0.03179055929353166,-0.024573584325697614
2022-02-14,0.001422317860378936,0.012147601490993106,0.009217737330186241,-0.0001353061570633809
2022-02-15,0.022888386554149185,0.008621083638872947,0.007955692122131364,0.01837244119120415
2022-02-16,-0.001389750317123111,0.010107783346743868,0.00823406214046092,-0.0011679557946941317
2022-02-17,-0.02149863623702604,-0.022050230393006458,-0.03847630027342726,-0.029719421325625734
2022-02-18,-0.009399702603400438,-0.013350682834785058,-0.016247401001373406,-0.009677585953264416
2022-02-22,-0.0179729582516684,-0.01587889987657254,-0.004530869753811778,-0.0007297777350709524
2022-02-23,-0.02620427770699149,-0.03641116014436802,-0.01729238580251276,-0.026234104660057576
2022-02-24,0.016542462309508867,0.04410800497645022,0.039216688368844045,0.049831045763804475
2022-02-25,0.012881965330656216,0.01593036537376894,0.013240092451042403,0.009190623950056443
2022-02-28,0.0016366958082970496,-0.0014673390183547882,0.004433811874142577,0.004965772626216333
2022-03-01,-0.011696095138209791,-0.015891148369833387,-0.007398353661085181,-0.012935113922242407
2022-03-02,0.02037918841238169,0.006006111112644554,0.0037970735039841376,0.017609726196645692
2022-03-03,-0.001983226649705825,-0.02769967430173762,-0.005006192499051243,-0.014326520215122958
2022-03-04,-0.018579992101911042,-0.015381483821486462,-0.014996231735494995,-0.02069104356011332
2022-03-07,-0.024003406392315546,-0.05786267214586164,-0.0428117979857304,-0.038508893575634806
2022-03-08,-0.011744647993628109,-0.010520594620232346,0.0057281223979639756,-0.011031887955397024
2022-03-09,0.034398893607879004,0.023717698424230754,0.048492465612119166,0.04483780458246099
2022-03-10,-0.027562482729968873,0.05271118653269622,-0.00745164693813444,-0.01013791745847679
2022-03-11,-0.0241993925072352,-0.008845856240147519,-0.0195124095940493,-0.019517431164361315
2022-03-14,-0.026921367477338143,-0.025553208143987614,-0.030645055088301267,-0.013045914742775095
2022-03-15,0.02924569237621073,0.03813139923769891,0.025453137238774445,0.03801096521430651
2022-03-16,0.028602141011689265,0.03819476755459102,0.031109931766814407,0.024900706475197855
2022-03-17,0.006433538220674189,0.02664947618554765,0.004181524242786003,0.0028152573514549713
2022-03-18,0.020702883420555363,0.025192147663773066,0.01693971291629284,0.017494008775258568
2022-03-21,0.008501391975065954,0.001493436589994942,-0.00017620038533120805,-0.004236014985601785
2022-03-22,0.02058735326170395,0.020820051155123028,0.027298130901722548,0.01624641495881307
2022-03-23,0.00819994432764838,-0.009022396175222974,-0.01145091665731561,-0.015144160789093053
2022-03-24,0.02242450453284533,0.0014768099843156708,0.023560282658491555,0.015275681220744087
2022-03-25,0.003727192866032531,0.0068448147304497955,0.0007129687268401318,-0.0013823969913863278
2022-03-28,0.00502394264199641,0.02527066880086216,-0.0015362487378737487,0.022853601982189484
2022-03-29,0.0189535750422155,0.0019184362663260243,0.007395367430344188,0.015045465415793864
2022-03-30,-0.006671570197009434,-0.017961531171231216,-0.003986797498812034,-0.004926282375436495
2022-03-31,-0.017935574067368502,-0.020064520292900095,-0.020434326101014855,-0.017841273028732972
2022-04-01,-0.0017197647318665603,0.0034450322821231614,0.007757383432727595,0.0035937900720098654
2022-04-04,0.023416953281667666,0.02884445449723015,0.019928499227117875,0.017777835866385566
2022-04-05,-0.019123429420110118,-0.025822642256601212,-0.016790363462870724,-0.013070522424067402
2022-04-06,-0.018623123630490415,-0.03283328123701215,-0.029178865729921098,-0.0372924375888775
2022-04-07,0.0018024470812516343,-0.0061382328144399005,-0.0048413993473077465,0.006224269697151161
2022-04-08,-0.01198050253899036,-0.021291810941382657,-0.019326187186397635,-0.014707576697184283
2022-04-11,-0.025847026371703066,-0.021850949776512304,-0.03406528402825785,-0.04022991945406015
2022-04-12,0.011457483655340873,-0.0022158166719546393,-0.008645876609843674,-0.011281284846637396
2022-04-13,0.016210503324954054,0.031037763445815297,0.01692133244755936,0.019520223454761256
2022-04-14,-0.03044716267624547,-0.024961650159491106,-0.024659828509264466,-0.02745791348621164
2022-04-18,-0.0013318448779771062,0.007084013688019547,0.00744089021639966,0.0024628331045655075
2022-04-19,0.014016610066381045,0.034294010908479985,0.018104000299655996,0.01689610918039634
2022-04-20,-0.0010159822976708952,-0.026386116801539967,-0.015261085157395387,0.003708543469415497
2022-04-21,-0.004855567136896347,-0.03772931062801116,-0.025514031258997854,-0.01957160783126877
2022-04-22,-0.028215486843801308,-0.026969363430673157,-0.04237901035039651,-0.024440619372417552
2022-04-25,0.006714767970736019,0.011872429325306142,0.028336123173057566,0.02412037656700344
2022-04-26,-0.03804272107275505,-0.046830397470919216,-0.03660778294312519,-0.038121493421063156
2022-04-27,-0.0014679416858224077,-0.008819827903123646,-0.0373994902689235,0.04698774706631938
2022-04-28,0.0441656795543333,0.045483928748159326,0.03632433680279561,0.02238001239869405
2022-04-29,-0.037291609608775214,-0.15139791287665294,-0.03794425870768567,-0.04271116305875202
2022-05-02,0.001964411240312482,0.0017565476902947816,0.02144483054334671,0.024734695658748716
2022-05-03,0.009576785412516801,-0.001981867083020741,0.006421247081518327,-0.009500752798960508
2022-05-04,0.04018960997104342,0.013390415419768674,0.041133458661487286,0.02868506201556233
2022-05-05,-0.057328378219716855,-0.07862161321968106,-0.04821965640276602,-0.044531734692966035
2022-05-06,0.004716209263433891,-0.014140750847553027,-0.006536014217120163,-0.009491375537845069
2022-05-09,-0.03375272529061254,-0.05354166033985861,-0.028351560032142537,-0.03764531856017219
2022-05-10,0.015983865367572583,0.0006432376717789796,0.01660643622672493,0.01842479454921212
2022-05-11,-0.05323350856237036,-0.032556515700991426,-0.006951789060731961,-0.033773732701902155
2022-05-12,-0.027262509488466327,0.01468209351950851,-0.006699171423061556,-0.02015943984204382
2022-05-13,0.031417779967079354,0.05569537333818603,0.02801914014358455,0.022344905689604164
2022-05-16,-0.010729848471382818,-0.020052883582188433,-0.013931106416076101,0.0014540679563356089
2022-05-17,0.02510501155905562,0.04030980601090871,0.017565112645199915,0.0201401397947968
2022-05-18,-0.05807344600988223,-0.07425163860523774,-0.04005836679696726,-0.046598654090562915
2022-05-19,-0.024949797287029774,0.0019259973748420684,-0.01363588435503835,-0.0037065291844606404
2022-05-20,0.0017454140468044662,0.0025313230136676168,-0.013461841122143707,-0.002293931461534014
2022-05-23,0.03933544051336345,-0.0003161006497306091,0.023413586583868228,0.031529875271000686
2022-05-24,-0.01940299565340978,-0.03266897126205679,-0.0507609174519627,-0.003959600027866714
2022-05-25,0.0011392225409139608,0.025371870055026394,-0.001558276782759635,0.011108214583904099
2022-05-26,0.022934906598313723,0.03950431937060653,0.018610363880491494,0.012792955337127468
2022-05-27,0.0399478924973236,0.0359770770988458,0.04111262630242555,0.02723022256390969
2022-05-31,-0.00536056239298852,0.043030852834664374,0.012787783245045497,-0.005026549698005352
2022-06-01,-0.0008739437686212858,0.01219142464906909,0.0011419733216471292,0.002021016348472297
2022-06-02,0.01667148268636396,0.030965911805553418,0.03222973088019741,0.007897594038178274
2022-06-03,-0.03931842514136367,-0.0255076393596147,-0.02654745946552738,-0.016746348196900417
2022-06-06,0.005214133024008205,0.01974655443905197,0.01970586084351562,-0.0047146548934826615
2022-06-07,0.01743280943099142,-0.014447976483889591,0.0028121768340859336,0.013857099928967564
2022-06-08,-0.005055814207684407,-0.014907309337206952,0.0003798662790512909,-0.007699140303193046
2022-06-09,-0.0366182767838626,-0.042394573681651705,-0.02033002470336424,-0.02100230668250838
2022-06-10,-0.03939452115124208,-0.057588983573757455,-0.03251657512265545,-0.045587336300844064
2022-06-13,-0.039037038325594214,-0.05608072910711982,-0.04384903771592003,-0.043338339637953756
2022-06-14,0.006650604214622959,-0.013205363644664271,0.0030313105311733347,0.009162947518889405
2022-06-15,0.0199120368289949,0.05106358079343476,0.0281707429928584,0.02930168800903819
2022-06-16,-0.040458929134104274,-0.03795462873180644,-0.03458209142184602,-0.02734032441839278
2022-06-17,0.011466888881888534,0.02439607839682275,0.010414023560593448,0.010880491982804254
2022-06-21,0.03223541609808914,0.022895360879700146,0.04024997329181257,0.024293857447119788
2022-06-22,-0.0038343479307295495,0.0024812460138330314,-0.0005065280956009956,-0.0024069299310392265
2022-06-23,0.021344284001172213,0.03153073437129849,0.006744817330355948,0.02238416215821458
2022-06-24,0.0242216178983556,0.03512809079637085,0.04981537823985723,0.03357963726035938
2022-06-27,0.0,-0.02821501915746544,-0.01831885674528261,-0.010552089192642045
2022-06-28,-0.030242421560266252,-0.0527726431080026,-0.033588021853021024,-0.032264331475834664
2022-06-29,0.0129398677322991,0.01405345471235067,-0.0027356780456732777,0.014630613830701505
2022-06-30,-0.018192376765316813,-0.025195393281078386,-0.024821831109576174,-0.013266881112665645
2022-07-01,0.016035167795784518,0.03105406439766482,-0.0020715641416678837,0.010650550641564234
2022-07-05,0.018753467190892145,0.035330514810317494,0.04077580987594662,0.012518757032667204
2022-07-06,0.009561359265877478,0.007286182647943523,0.011490898274821052,0.01270182189982409
2022-07-07,0.02371616433270172,0.017341975999450154,0.036094757878000164,0.008192961123965344
2022-07-08,0.004703606117103904,-0.006814197291832153,0.004791484256293307,-0.0027610460628309983
2022-07-11,-0.014867771425590733,-0.03335256478334072,-0.031292211648932776,-0.01183828572731388
2022-07-12,0.006810490333307204,-0.022900025593117632,-0.014419216014223482,-0.04184487068510735
2022-07-13,-0.002539966879581219,0.0107459397638012,-0.023668463174208686,-0.0037520939078557235
2022-07-14,0.020275491753217353,0.0020811275557193875,-0.008894067914806701,0.005367121923723276
2022-07-15,0.011385096574597764,0.026052020207380393,0.012694472084145751,0.010336698112890555
2022-07-18,-0.02085921286358537,0.0018476894058662332,-0.024887247978944475,-0.009667882707240737
2022-07-19,0.026370930141873486,0.0383717111840348,0.04290741885745654,0.020554030127572395
2022-07-20,0.013419361025962777,0.037849962832112935,0.0007905010208232001,0.010502747704807205
2022-07-21,0.014981529109128462,0.015036666950921374,0.003855619649768822,0.009751106324242033
2022-07-22,-0.00814385191934989,-0.017891585334626356,-0.05797161252570508,-0.0170606365624639
2022-07-25,-0.00742587842593113,-0.010510843951367622,-0.0036209393061649754,-0.0058939918027842726
2022-07-26,-0.00886530222318081,-0.05366832967343516,-0.023433151241522614,-0.027139286758865937
2022-07-27,0.03366168514663392,0.05226402422174665,0.07376781736506915,0.06471239261028852
2022-07-28,0.003565419511211541,0.0107708959770675,0.010207893765762966,0.02814081838865501
2022-07-29,0.032266926281308936,0.09859082981024253,0.018218481716690306,0.015543671160819839
2022-08-01,-0.006172566665961403,0.003255181148895761,-0.01263106549733551,-0.009771842540767793
2022-08-02,-0.00933083341260503,-0.009126353187385704,0.002347994272027002,-0.011540668180333247
2022-08-03,0.03753460288850365,0.03917484597170419,0.025300512791500192,0.02745583095291025
2022-08-04,-0.0019283418649459786,0.0216251677554199,0.0009310627382859228,0.004168866304704163
2022-08-05,-0.0013898311148261924,-0.012492693140300751,-0.006110490535477459,-0.0026124086550244267
2022-08-08,-0.0029073018956536976,-0.009921207364734218,-0.001448186180828053,-0.009196937022883121
2022-08-09,0.00030314072348711145,-0.011398203042398835,-0.005728310285370943,0.007038335066476004
2022-08-10,0.02585742248053949,0.03465340706112098,0.025982035880946074,0.024010084309273733
2022-08-11,-0.004441776862209377,-0.014471032455294032,-0.00721051121744319,-0.007428538788307569
2022-08-12,0.02119945240271721,0.020479998229218345,0.023616618946350827,0.016893850010955856
2022-08-15,0.006313721558444656,-0.0025808990121560286,0.003281940270866643,0.005329919184752905
2022-08-16,-0.0009243744410240887,0.011112811619446402,-0.0031175556296275946,-0.0025930897732986506
2022-08-17,0.008746182622769511,-0.018684262378250237,-0.017824338719627884,-0.002639554577654689
2022-08-18,-0.0022942348269373294,0.0014064484864398943,0.005172777554687836,-0.003955411019038289
2022-08-19,-0.015217013509808601,-0.02901859297383289,-0.024940366993901487,-0.013950917095136333
2022-08-22,-0.0232985772576774,-0.03691702741982209,-0.02566568077936124,-0.0297948162180521
2022-08-23,-0.002031066486472078,0.002998007806707862,-0.0033317951851888628,-0.004727386031836214
2022-08-24,0.0017922117595190602,0.001346256547678855,-0.0014942037072159084,-0.002354068077096969
2022-08-25,0.014812643560882452,0.025676456345101635,0.025702581358574488,0.011034264300904541
2022-08-26,-0.03842844904379659,-0.04873552390255167,-0.05561148571116658,-0.039351418876271714
2022-08-29,-0.013784801767768426,-0.00736939497405998,-0.008372731771577272,-0.01072516586322826
2022-08-30,-0.01542398661993922,-0.00820055348874808,-0.0043963735404903325,-0.008557634235349538
2022-08-31,-0.010691840705831113,-0.01534276001209404,-0.006631191776821679,-0.005720289004203634
2022-09-01,0.0046959352119101344,0.008248627364462172,0.013947686426399734,-0.004100737034494902
2022-09-02,-0.013704543005626336,-0.002428212185707223,-0.01737254516524038,-0.0168070277246515
2022-09-06,-0.008249215958998635,-0.011040262841267292,-0.009689807363687158,-0.011034696286287154
2022-09-07,0.009211500124614152,0.026371849253352748,0.024416140346904834,0.018931270704595573
2022-09-08,-0.009664465906957295,0.002622535962612139,-0.009824157927060834,0.0016647311616157486
2022-09-09,0.01866454639563143,0.02622824562673727,0.020728470293816297,0.022716775219112202
2022-09-12,0.03778500213804933,0.023581047138634757,0.0018961068845898285,0.008247034976764604
2022-09-13,-0.060471520731317854,-0.07318946892343868,-0.060805038293985876,-0.05654748602844807
2022-09-14,0.009509835850551263,0.013549201586232946,0.006497219830518522,0.000912292655425919
2022-09-15,-0.01911128284994613,-0.017816303428596674,-0.02010552894453291,-0.02749358475437881
2022-09-16,-0.011020839672276529,-0.02201762235626526,-0.0010694549544339167,-0.0026117357314557393
2022-09-19,0.02477369860214895,0.009106029090597056,0.0026230885658505847,-0.0008993838558311962
2022-09-20,0.01554397218693635,-0.020012830448643673,-0.01890266030180898,-0.008501362063338043
2022-09-21,-0.020475809599256992,-0.03032676622578613,-0.01856171084121318,-0.014541407136767649
2022-09-22,-0.006395614610078329,-0.010430481377003758,0.008625159516506085,0.008459558784464347
2022-09-23,-0.015239519406609975,-0.030553234112175698,-0.014079008204086963,-0.012779359604240675
2022-09-26,0.0022578460910558794,0.011968890924047326,-0.0057895973056908264,-0.0019773893030317533
2022-09-27,0.006544789255029605,-0.00644711979642255,-0.006848237172911345,-0.004389549503207871
2022-09-28,-0.012732193386114189,0.030980865018271533,0.025817671922116828,0.01951995832999829
2022-09-29,-0.05036660611557338,-0.027577874271049258,-0.026638447901370092,-0.014919877720305334
2022-09-30,-0.030499488951036508,-0.015803691756381338,-0.018335888263316807,-0.019558562839380088
2022-10-03,0.030288968211708726,0.02516733048685826,0.030781179457605536,0.03310847222262636
2022-10-04,0.02530035507683637,0.043978891324203705,0.029960334627770896,0.03325330474628667
2022-10-05,0.002051148419679058,-0.0011568286989317087,-0.002068360723423692,0.0012849664575075687
2022-10-06,-0.006647727352822395,-0.005388563475942462,-9.853884174689962e-05,-0.009718006908873112
2022-10-07,-0.03740971579418157,-0.04888996644735092,-0.02738792185275313,-0.052191392860119895
2022-10-10,0.0023529914067799257,-0.007799184311071454,-0.00834449723507522,-0.021533257325153165
2022-10-11,-0.010307971885925396,-0.01292739007238406,-0.006973001101094191,-0.01689222348978564
2022-10-12,-0.004615587739584836,0.006130377153208065,0.0039026297852122476,0.0015072681630199276
2022-10-13,0.03306020094963826,-0.0032826427568259787,0.015258056518271673,0.03691821265191873
2022-10-14,-0.0327711787500495,-0.05132600960921381,-0.025561039572589626,-0.024547593989762417
2022-10-17,0.028706613553884503,0.06246082010978991,0.03470564681058271,0.038495163233650605
2022-10-18,0.009365617633904803,0.022334186457693587,0.007970448718353696,0.004075253138636255
2022-10-19,0.0007650398106516755,-0.011148202689094493,-0.011377325631287304,-0.008505576925752796
2022-10-20,-0.0032727099837793214,0.0015630456934787908,0.003406876912933469,-0.001396445307368803
2022-10-21,0.026699750417918517,0.03470527521216521,0.011536521105809843,0.024966255333275837
2022-10-24,0.014693908759331709,0.0041816570199037775,0.01365122706598942,0.02096660946276947
2022-10-25,0.019153106197648394,0.006488657531862419,0.01893773505783012,0.013697442978145508
2022-10-26,-0.019822268119647376,-0.04182438724790477,-0.09585593706495045,-0.08029535694141926
2022-10-27,-0.030939181320513882,-0.04148511663717591,-0.02896275095719777,-0.019954085953547987
2022-10-28,0.07283456430385701,-0.07046806314523207,0.0431875343234456,0.03943272318354443
2022-10-31,-0.015530358222588631,-0.009424419446504203,-0.018658899931741375,-0.015983156751903392
2022-11-01,-0.0176982865210674,-0.056733592543971104,-0.04368720443412826,-0.017206573057675315
2022-11-02,-0.03801867909743124,-0.04945158785215439,-0.03945527858041198,-0.036009017411700414
2022-11-03,-0.04333047764147117,-0.03109058271107464,-0.04155513299842879,-0.026938439477867313
2022-11-04,-0.001948953163838072,0.018638216982674413,0.03706091410135057,0.03278220345134787
2022-11-07,0.0038945608476799068,-0.004958465035960488,0.02182064895408147,0.028849550677033778
2022-11-08,0.004166344320929714,-0.006093813282808144,0.00462255555871831,0.004378846720306739
2022-11-09,-0.03375326790893088,-0.043613588180190316,-0.017932681772645814,-0.019233947804602938
2022-11-10,0.08523627534086259,0.11491535104712981,0.07307683350239345,0.0790588694116988
2022-11-11,0.019085600483500397,0.04214992986278232,0.025953712844853656,0.016854510294952503
2022-11-14,-0.009530922832803407,-0.023084154958510447,-0.007391738974516279,-0.022757041829395117
2022-11-15,0.011799622826818536,0.004558631983396615,0.028228987634776395,0.0017371946935065
2022-11-16,-0.008365933093945817,-0.01856627488370591,0.004156369740005261,0.0018217928701600957
2022-11-17,0.012887847556921026,-0.023650675297741616,-0.004969383056015937,-0.00020697510030534257
2022-11-18,0.00377461006043657,-0.007513650804188213,-0.00950004716125588,-0.0019049811524899187
2022-11-21,-0.02191872452316584,-0.018006920831346168,-0.018961372056483704,0.003434926289670151
2022-11-22,0.014554906936713526,0.007971580289157953,0.015053525036760575,0.012236338844874161
2022-11-23,0.00590884503745527,0.009929087433161624,0.014424018577327074,0.010353173628552044
2022-11-25,-0.019788188975848085,-0.0076783312910851725,-0.010208323337351622,-0.0003636924366328042
2022-11-28,-0.02661525923193316,0.0057642482872482335,-0.01457302140409237,-0.02342461267218968
2022-11-29,-0.02137518179886131,-0.016419307746887702,-0.008994172184682118,-0.005932490561951505
2022-11-30,0.04745015258723326,0.0436140540859465,0.05914659474979071,0.05979928203472401
2022-12-01,0.0018898381529765499,-0.010831192229061232,0.0,-0.0017651437778653826
2022-12-02,-0.003377295338812741,-0.014449471106160492,-0.005460830754102429,0.001294828945906598
2022-12-05,-0.008015046852030956,-0.03370736231877925,-0.009603975876805223,-0.01908144690578064
2022-12-06,-0.025697184795423957,-0.030795718248338627,-0.025451812461251454,-0.020512809661168516
2022-12-07,-0.01388118140987504,0.002376766277155038,-0.02125955112425434,-0.003064345673928924
2022-12-08,0.012059698237580307,0.021140538059143867,-0.013040430693112129,0.01232297654855481
2022-12-09,-0.0034406718036676673,-0.014043946522882085,-0.009434856272144942,-0.008035402664648203
2022-12-12,0.01625730104017377,0.016255164405059676,0.005157287211964059,0.02847978175705614
2022-12-13,0.0067593548744786375,0.021198289437405628,0.024559208414253464,0.017313938883796506
2022-12-14,-0.015657843248114627,-0.009887580246293281,-0.005873073159351312,0.001167018983462525
2022-12-15,-0.04798725141255251,-0.03477554111983318,-0.04529358170089105,-0.03243874214613128
2022-12-16,-0.014686190745441518,-0.006692740608663019,-0.006625338145853118,-0.01750082065194732
2022-12-19,-0.016037325431265157,-0.03403503022155705,-0.02037012371192766,-0.017480060366923122
2022-12-20,-0.0005288761773709834,0.003174469440173832,0.00653661946866127,0.005598873653977363
2022-12-21,0.023530326048243393,0.018376816404560806,0.006271143137629058,0.010817965240774725
2022-12-22,-0.024059833153389516,-0.034947221566029855,-0.02052626422588083,-0.025860228143384303
2022-12-23,-0.00280194817218915,0.017274436611979943,0.0166114861584371,0.0022644165072554573
2022-12-27,-0.013975678731651764,-0.026265685720911106,-0.02083657905118138,-0.007441651635298606
2022-12-28,-0.031165802429748046,-0.014800721671305868,-0.01580088924667458,-0.010307975366861365
2022-12-29,0.027930589768672534,0.028435658196292006,0.027857570805321318,0.02725484098271655
2022-12-30,0.002465799022116501,-0.002140568124387558,-0.002490351592689055,-0.004949698521784577
2023-01-03,-0.03812214322491387,0.021435277164066735,0.010036733118016365,-0.0010012440593471443
2023-01-04,0.010261307031249584,-0.007955122776173124,-0.011738358062849553,-0.04472872623522207
2023-01-05,-0.010661196567327611,-0.02401157339665977,-0.021575275365890753,-0.030085849483356675
2023-01-06,0.036133236569095964,0.0349917378504728,0.013138321043010905,0.011716384690525508
2023-01-09,0.004080535212296635,0.014760401298199752,0.00775547531349303,0.009689282602588056
2023-01-10,0.004446584196046932,0.028326693248784427,0.004534156034700238,0.007588385231464186
2023-01-11,0.020892457941231506,0.05645956080731301,0.034459261750596756,0.029789893228503304
2023-01-12,-0.0005994793174228277,0.0018911574433712077,-0.004270307114522697,0.011554430123570018
2023-01-13,0.010068073773001675,0.029476316899670684,0.01080497992353933,0.0030141062371690525
2023-01-17,0.008718535764136795,-0.021322326395198637,-0.009050774810703589,0.0046708571274386625
2023-01-18,-0.005384606489348703,-0.0061616190001011146,-0.001863966250118543,-0.019069686165441913
2023-01-19,0.000443830175826139,-0.018822579439957077,0.02095973317948028,-0.01659093491822831
2023-01-20,0.01903810024862798,0.037400259951453026,0.05203450121695705,0.03511961718116568
2023-01-23,0.023228886604790035,0.0027724682514327437,0.01789641559986682,0.009776309177212074
2023-01-24,0.010012457814532699,-0.012381472357830799,-0.021166495325018922,-0.002228437774070746
2023-01-25,-0.004711579018524971,0.008888953725914,-0.025711480154962156,-0.00592567214833009
2023-01-26,0.014694757697683017,0.020774687057825685,0.023867512611699716,0.0302514224929054
2023-01-27,0.0135914184973382,0.02998335055905419,0.018792831414141405,0.0006449483576569675
2023-01-30,-0.02028242223226923,-0.016667823165641346,-0.024758084252184377,-0.02220626186290328
2023-01-31,0.008980564284507457,0.025335155126435763,0.01941007750332937,0.020794818018585286
2023-02-01,0.007869705328998224,0.0193976149644124,0.015958591570503843,0.01973860305508913
2023-02-02,0.03639225304313755,0.07120315696615197,0.07025993626557808,0.04581827422970241
2023-02-03,0.02410707614447512,-0.08808283393109906,-0.02785796359992387,-0.023903861145426385
2023-02-06,-0.018091459427323,-0.011772272805910223,-0.018105312350741323,-0.006134677844546221
2023-02-07,0.01906179334564972,-0.0006852973444615529,0.04503471431227805,0.04116316132254229
2023-02-08,-0.017810318974947528,-0.020380578012770365,-0.07994195944883982,-0.003106920669217426
2023-02-09,-0.006935751091521581,-0.018256648878253772,-0.04486823278527854,-0.011728223657688903
2023-02-10,0.0024532162040092876,-0.006433489213979958,-0.00464179658505985,-0.0019746471468681135
2023-02-13,0.018632340209741402,0.019579629188155288,0.0004227991624866804,0.030764898059424596
2023-02-14,-0.004233932694015517,0.0016060637303953276,0.0007396715093642611,0.0031281263347189966
2023-02-15,0.013807573817004396,0.014537811644538115,0.023589474446303042,-0.008025108527383903
2023-02-16,-0.010484207782276168,-0.03020652173405669,-0.014861350587627256,-0.02698344155421742
2023-02-17,-0.007575199882039326,-0.009726256199159738,-0.012219597759801876,-0.015724853737993743
2023-02-21,-0.027042278800751305,-0.027324623494127318,-0.027507920620043355,-0.02110776133854729
2023-02-22,0.002891931327817608,0.012712248376870527,-0.0015263526559165554,-0.004601546955738525
2023-02-23,0.003285134878702153,0.0003131233176392935,-0.008327042545392549,0.012878446362553002
2023-02-24,-0.018169363665663893,-0.024509991975448668,-0.019553958365590852,-0.02202527031960381
2023-02-27,0.008213617920055167,0.002776912318089041,0.008268126938759803,0.0037648637170564366
2023-02-28,-0.0034536768322659247,0.005000289230826088,0.0021119252683657547,-0.0029625706345393792
2023-03-01,-0.014348551059414518,-0.022103959704043146,0.0033256403323647125,-0.012709713933459415
2023-03-02,0.00412081878043176,-0.00043408483069996514,0.017986830595654757,0.019462612024324644
2023-03-03,0.0344883836037755,0.02962312838587694,0.017775820099402317,0.016509069514327197
2023-03-06,0.01836959105475112,-0.012192056844170188,0.015679886045553402,0.006169842849304043
2023-03-07,-0.014602636755554819,-0.002135579508745822,-0.013439969838585763,-0.010645404467297835
2023-03-08,0.008342258321287712,0.003947251242114423,0.004146440325347392,-0.0017722542714441725
2023-03-09,-0.015026871637253747,-0.017941053663252087,-0.02068992892439074,-0.005454170188030114
2023-03-10,-0.013975891080531627,-0.016614182739941783,-0.018475573046797814,-0.01489328462979919
2023-03-13,0.013178686253624308,0.01856350439768763,0.005282317262605897,0.02121430988852643
2023-03-14,0.013990826952379165,0.026161301723076753,0.03090800339957954,0.026696139918517787
2023-03-15,0.002618145483150908,0.013816419647146834,0.022517887999981324,0.017673555813014042
2023-03-16,0.018521393687496106,0.03914078921242492,0.04287160679116442,0.0397364989275148
2023-03-17,-0.005468912159413294,-0.010955473953869753,0.012875408386089861,0.011626453884468448
2023-03-20,0.015365334956272266,-0.012610742620752338,-0.0039440250254893115,-0.026104291199927892
2023-03-21,0.011873349064508662,0.029247763784060337,0.03590168053612251,0.005677369023847683
2023-03-22,-0.009145278940103837,-0.019166746850565873,-0.014883224407600119,-0.005457172373752102
2023-03-23,0.006945389630189237,0.00010133363497333344,0.021343408953358053,0.01952964677916114
2023-03-24,0.008271270477039584,-0.005893146925693497,-0.0015161645187058152,0.010425762299849315
2023-03-27,-0.012369495937382,-0.0009175342309671865,-0.02866966201381841,-0.015046476007637437
2023-03-28,-0.003988362300857799,-0.0081934405189327,-0.014055046735486207,-0.004169674374641619
2023-03-29,0.01959752528094332,0.03048493870739539,0.003556987270695143,0.01900223087541431
2023-03-30,0.009841320914537864,0.017305747097592427,-0.004943722250739456,0.012541080943209135
2023-03-31,0.01552312931945528,0.012567761597929928,0.027760731700736913,0.014851220730826186
2023-04-03,0.007672080615012072,-0.008556175035560798,0.006055036700720839,-0.0037182010360933405
2023-04-04,-0.0032549235081128633,0.014925585099441625,0.0034436097381270537,-0.0001742918072802002
2023-04-05,-0.011354585015961734,-0.027799874012424952,-0.002389985808495711,-0.00993857359575776
2023-04-06,0.005480807255556653,0.009450740780884159,0.03711254955731617,0.02521245537908573
2023-04-10,-0.016100937469439712,0.001077222967143844,-0.018431136110182142,-0.007607510979092448
2023-04-11,-0.007620278513082045,-0.022268227189570028,-0.010293389054345004,-0.02292952964406149
2023-04-12,-0.004362709195160403,-0.0211385503060785,-0.006762277356344105,0.002331013118605739
2023-04-13,0.03353495017502266,0.04565543032053191,0.026313661458454058,0.022152263484733637
2023-04-14,-0.0021162617370396783,0.0010736481279812137,0.013315050121001669,-0.012847920861390295
2023-04-17,0.00012100721784470159,0.0022411286119839928,-0.02699846581709127,0.009253149543699893
2023-04-18,0.007476685144166792,-0.004291801457498827,-0.013969107379186338,-0.001490081886298268
2023-04-19,0.006944150562036538,0.01936168847711433,-0.0030667713695256694,0.00027744287168659316
2023-04-20,-0.005863476123500702,-0.0047091095790211925,0.01059825081591287,-0.008145328103655595
2023-04-21,-0.009829040776320292,0.02989264254702952,0.001139067603810923,-0.0012239382227648417
2023-04-24,0.0018767780946534172,-0.007036666520682404,0.005298560328988139,-0.014061515926692945
2023-04-25,-0.0094804447797776,-0.03487276836944828,-0.020208539270538863,-0.022793665639906077
2023-04-26,-6.122985496047214e-05,0.023224398457013323,-0.0013489792471289455,0.06993139891693134
2023-04-27,0.027999529282936673,0.04507277127081395,0.03672910612482115,0.03152561695297431
2023-04-28,0.007513052603611603,-0.040605781087400955,-0.0023264441579648304,0.007939886505346279
2023-05-01,-0.0005306334362907543,-0.03277395882406449,-0.0013050190796269165,-0.005548015683174654
2023-05-02,-0.006210701714789043,0.01536391753200235,-0.017692809035219265,-0.0004910777125784803
2023-05-03,-0.006488278639684183,0.00019301691085338006,0.0008541243366694388,-0.0033124610606078755
2023-05-04,-0.00996300127301404,0.0033710455381283566,-0.00685380265851696,0.003312461060607973
2023-05-05,0.045859146635767276,0.015835527254169667,0.00837047120768639,0.01701178200969713
2023-05-08,-0.0004033209124211617,0.0016076240119395433,0.020625074392646433,-0.0064590180510674085
2023-05-09,-0.01002120481862435,0.007437086747609261,-0.003904719973152726,-0.005360096827907462
2023-05-10,0.010366842112856567,0.03293503350092615,0.04016968285000827,0.01714837662579009
2023-05-11,0.0010941752414227615,0.017898556144584802,0.04222768309906328,-0.007069140460401282
2023-05-12,-0.005432192503775987,-0.017263494264582374,0.008031569103359648,-0.0036829814689275367
2023-05-15,-0.002901634787387904,0.008489121836596263,-0.008546318185100543,0.0015847494730000574
2023-05-16,0.0,0.01959105037675755,0.025422908459131678,0.007340648816562282
2023-05-17,0.0035968046985292434,0.018349125212474244,0.011067328470375528,0.009407250490557954
2023-05-18,0.013573551195706607,0.022684486585828632,0.016333890277703017,0.01429206711792822
2023-05-19,0.0006280705989322222,-0.01621197208021114,-0.0005700437659187585,-0.0005650397325680964
2023-05-22,-0.005495842056889671,-0.01072394478867387,0.018482435809004317,0.008881639774522644
2023-05-23,-0.01527075879904656,-0.00017395019575110725,-0.02011303256174075,-0.01860393633218983
2023-05-24,0.001630699377877082,0.015189747065965913,-0.013636877303513947,-0.004482552192906602
2023-05-25,0.006669825557195906,-0.01510276818575663,0.021115480791900287,0.037736715911367104
2023-05-26,0.014006209286879321,0.04347586628475364,0.009109547767934188,0.021160356491781454
2023-05-30,0.010603293931102466,0.012822304345733589,-0.0075720876406381666,-0.0050597351464829205
2023-05-31,-0.0002820790646890346,-0.008916850747084985,-0.006489758185580801,-0.008550542534028961
2023-06-01,0.015895534205943668,0.017999210602823053,0.006893996338341948,0.012678244038934266
2023-06-02,0.00476410994614474,0.011983006127262639,0.0076492081588044845,0.008443459558944016
2023-06-05,-0.007600000187849038,0.008415221280893264,0.010691121317240662,0.0016087057598659577
2023-06-06,-0.002062339542213523,0.010400614095251953,0.010263822607546196,-0.006749928737198274
2023-06-07,-0.007786605275444873,-0.043421904903774046,-0.03851410163579189,-0.03135442658755801
2023-06-08,0.01534669721524661,0.02460606952762862,-0.002943058055357979,0.005796661566307167
2023-06-09,0.0021574992449313758,-0.006621468748440394,0.0007366083606271149,0.0046929602970623855
2023-06-12,0.015517689359386395,0.025121316164936732,0.011469564596030298,0.015365168609848504
2023-06-13,-0.0026150813977622793,0.0007108476079609743,0.0015355962146602006,0.007326147293825405
2023-06-14,0.003485341577894053,-0.0018966774409432219,-0.0012929997165202906,0.009082294257346905
2023-06-15,0.011136343063956397,0.005443175548084132,0.011416669043680999,0.03139853523712746
2023-06-16,-0.005877142514293747,-0.012826801009232924,-0.012549269166053404,-0.016714806128127195
2023-06-20,0.0004866494324986025,0.002308282311188502,-0.003487077047402972,-0.012581189292414967
2023-06-21,-0.005691415713351487,-0.007581513078945846,-0.02093241916758442,-0.013370980253361213
2023-06-22,0.016390118728519604,0.04173475821321792,0.021338528710248182,0.018269469398187396
2023-06-23,-0.001712523048265116,-0.006320292959406817,-0.006599128267161527,-0.013902131171663617
2023-06-26,-0.007581864025842462,-0.01558513561942593,-0.03324223724903499,-0.019348885520683912
2023-06-27,0.01494678614208755,0.014424567940817595,-8.445770224049768e-05,0.01800487126903986
2023-06-28,0.006307733177106643,-0.0010843421189455317,0.015513337255589513,0.0038185020569234747
2023-06-29,0.0017951697832447493,-0.008873661272556729,-0.009027199638621414,-0.0023848892811952657
2023-06-30,0.02283950299565757,0.01905113813636069,0.005025103871570261,0.016252899466310384
2023-07-03,-0.00781498437735791,-0.0010745214685311468,0.0016694601211431296,-0.007516378709871366
2023-07-05,-0.005888698432950919,0.0012279637641415527,0.015311749475087344,0.00047317097188814226
2023-07-06,0.002505521424415798,-0.015614479950363446,-0.013561730848446883,0.00918450176339844
2023-07-07,-0.005908632838833071,0.011001878790426247,-0.0052590132786392435,-0.011938422244214727
2023-07-10,-0.010915120184098383,-0.020630536429565062,-0.025687078506259883,-0.016112767116216366
2023-07-11,-0.002814005059710594,0.01289534927354112,0.005907858321269048,0.0019267920537349881
2023-07-12,0.008945440024810526,0.015563949723523061,0.015165233992498032,0.014126597299988304
2023-07-13,0.004049265073318754,0.026406663898050423,0.046091982402530755,0.01606259329186775
2023-07-14,0.0007869332263238284,0.0028254136578632553,0.007041138348936055,0.00750109272937934
2023-07-17,0.01715760284128862,-0.008350743114511814,-0.006158349334519144,0.0014183388210235882
2023-07-18,-0.0013412279847864986,-0.005480667866621604,-0.00716560268889881,0.03902812637123569
2023-07-19,0.007046769676410016,0.01886777143765127,-0.014077269713592298,-0.012343180871371469
2023-07-20,-0.010148775623804738,-0.04071113790508541,-0.02346423078594941,-0.02339301562747931
2023-07-21,-0.006180536689108989,0.000307687993656272,0.0068556525178041115,-0.008977485662203775
2023-07-24,0.00421116041552864,-0.009273613091557636,0.012502750437209425,0.0038905722464341853
2023-07-25,0.004503293427704928,0.002558849307688174,0.00557976600272734,0.016866019631472343
2023-07-26,0.004534747714371895,-0.007618281489535843,0.056162382878256534,-0.0383640588803997
2023-07-27,-0.006602698197687867,0.0007800788687019062,0.0010049848565719134,-0.021093199386137948
2023-07-28,0.013417549904545634,0.030410134252966122,0.024277980984063505,0.022867981135546236
2023-07-31,0.0031608586760156617,0.0110572111941032,0.0010552710582353952,-0.007266969495083616
2023-08-01,-0.004284928312306998,-0.014998135236778893,-0.008854418671075583,0.0012494620253567996
2023-08-02,-0.015611169898696304,-0.026781097330387048,-0.024392321857516778,-0.026634432146243572
2023-08-03,-0.007348645301772547,0.005444917932495522,0.0005449764849813958,-0.002568067793475143
2023-08-04,-0.04921131341532738,0.07945180513430172,-0.002650440490288674,0.003422595360876744
2023-08-07,-0.01740434819137041,0.018808843040995626,0.026345477082173597,0.007083372662455473
2023-08-08,0.005297644097579932,-0.016161386274731373,-0.0009887021146138947,-0.012375182118164298
2023-08-09,-0.008994761907730683,-0.01504759501753799,-0.013330285206884984,-0.011785083665207184
2023-08-10,-0.001235242950025864,0.005137245447970533,0.00023115652355599564,0.002169781808479353
2023-08-11,0.0003374454819851573,-0.0010831058272496987,-0.0010029735650191548,-0.005963252025642796
2023-08-14,0.00934939150930163,0.015485316080358403,0.013569130033851814,0.009394752695677992
2023-08-15,-0.011263495146882475,-0.020846133672850414,-0.01187229701402529,-0.00675029373240622
2023-08-16,-0.004971456976225307,-0.019066286976507706,-0.00835670668433118,-0.0024314419605089266
2023-08-17,-0.014662116763663463,-0.008102713606702033,0.009434732811980349,-0.011046968980174026
2023-08-18,0.0028122090717065487,-0.005688597043229265,-0.01911625910139598,-0.0012631431323435237
2023-08-21,0.007706844704785706,0.010899633762398327,0.00711415932456392,0.016918832161217486
2023-08-22,0.007873883926899743,-0.003197806521519639,0.005515608503915189,0.0018000728408714686
2023-08-23,0.021711455189065646,0.009415529041193322,0.025168605185676582,0.013981254529991558
2023-08-24,-0.02651882345507837,-0.027530224045928062,-0.01976014004040889,-0.021733016026626643
2023-08-25,0.012563752109942539,0.010713027528748599,0.0007701541292387473,0.00936322028627524
2023-08-28,0.008807150218188405,-0.0009008643247144191,0.008662543629870104,0.0022265011392755005
2023-08-29,0.021575852509363277,0.013206715007284348,0.02681108247077235,0.014445767804404097
2023-08-30,0.018990800584662463,0.00118530020246871,0.00968762327124785,0.0011565177438823493
2023-08-31,0.001171703217367006,0.021532889699268778,0.0021320457274002077,-0.0031375245825567884
2023-09-01,0.008427809589654455,0.0007967306725371615,-0.003752415365216789,0.0027420193151881686
2023-09-05,0.001265787974399305,-0.006173016781758742,0.000810569599682135,0.014768939134809084
2023-09-06,-0.03644964496490285,-0.014011920021062172,-0.009695509655685646,-0.002010657119336546
2023-09-07,-0.02968568257684319,0.018228281379293984,0.005932018180412682,-0.008962164258282886
2023-09-08,0.0034857657988471534,0.0027527518216119884,0.008246306484638328,0.013129213058416628
2023-09-11,0.006600739216530994,0.03462479564658769,0.00395159085267678,0.010919298623286056
2023-09-12,-0.017207875309301773,-0.013153992385327589,-0.011606728492114977,-0.018426408970264523
2023-09-13,-0.011925653178414673,0.02530902952298205,0.010071728795157943,0.012847598943167726
2023-09-14,0.008744208881049726,-0.0008979168301894522,0.010116272809006552,0.007825208988737559
2023-09-15,-0.00416267125523592,-0.03037658988565322,-0.0050817966571747135,-0.025355633239702944
2023-09-18,0.016771978624882063,-0.0029247348968620985,0.0058780505694444605,-0.0035190350112536805
2023-09-19,0.00616185141367251,-0.016930564270193287,-0.0012309023179351212,-0.0012467103560875042
2023-09-20,-0.02019463307949812,-0.01714838747973992,-0.031645714011223285,-0.02426915493180799
2023-09-21,-0.008929275670480543,-0.04505328140436448,-0.024984335034220425,-0.0038731815043074116
2023-09-22,0.004932310825628479,-0.0016251248796010811,-0.0014577237141910184,-0.00791780578107713
2023-09-25,0.007353149642365742,0.01651413665688319,0.00658099726652901,0.0016705531325248227
2023-09-26,-0.02367652407465742,-0.04113311252209692,-0.01956307859426458,-0.017152067899895214
2023-09-27,-0.008937194562216614,0.0,0.015206299275114625,0.002080334095335192
2023-09-28,0.0015243833780607167,0.0,0.013467825387052221,0.0027138623431170886
2023-09-29,0.0030419931760340855,0.009008352994332738,-0.011019571522638324,0.006704732241931926
2023-10-02,0.014726451503722818,0.018240461143240686,0.024979685828645865,0.01897945619391023
2023-10-03,-0.00780017878580724,-0.0373007704408456,-0.0130537327506667,-0.026481659691059707
2023-10-04,0.007282150135754409,0.018115851921521226,0.02099680858387204,0.017617080303674825
2023-10-05,0.0071721570457781636,-0.008222697494164894,-0.0012577238155819508,0.001253231271799831
2023-10-06,0.01464264423351183,0.015753318962097584,0.018412449163554393,0.024436067992544
2023-10-09,0.008415715856758316,0.0023417029658428425,0.0060868469422299485,0.007792119010619157
2023-10-10,-0.0033578440445996825,0.00946698516860395,-0.0026041292102834406,-0.00434497659495538
2023-10-11,0.00787300639412127,0.017986831598422272,0.017875050612127418,0.012197346666369483
2023-10-12,0.005048475902810726,0.003785588962598881,-0.011305258211370569,-0.0037976136155339676
2023-10-13,-0.01034610719953616,-0.019381108651019514,-0.011652953591420465,-0.010411579313046294
2023-10-16,-0.0007272131519450578,0.021042247787508333,0.012587934478944674,0.014870793435265785
2023-10-17,-0.008823462749110505,-0.008181257764936053,0.004447431541410565,-0.0017454020332028392
2023-10-18,-0.007422393291443581,-0.025733286363791553,-0.012676711130065865,-0.0058896536111573885
2023-10-19,-0.002163296080649617,0.00210493209093831,-0.0015235308734135073,0.003658683910418282
2023-10-20,-0.014813135478840321,-0.025477545009301914,-0.015730934546637786,-0.014134183861262237
2023-10-23,0.0006935225770805675,0.011043686017449744,0.006615309093312631,0.008079527703980866
2023-10-24,0.002540289682285418,0.01567921771001468,0.016781456868621848,0.0036674444513509056
2023-10-25,-0.013583561798154009,-0.057387204557163146,-0.09992427285025061,0.03021696843980514
2023-10-26,-0.024913424718928486,-0.015106526502479031,-0.026868371706536602,-0.038236094915885685
2023-10-27,0.00793778887697499,0.06609496003096194,-0.0008999067200843613,0.005838495875158287
2023-10-30,0.012230253202489121,0.038169415629497834,0.018570869116475857,0.02248562125125139
2023-10-31,0.002814652407512388,0.0028592165427562357,-0.0030579104150705826,0.00236887781944742
2023-11-01,0.01856542972026997,0.028955362245697565,0.018920405540809197,0.0232698804769148
2023-11-02,0.020482103397004556,0.007779930147075702,0.008191008946035295,0.006480582117797841
2023-11-03,-0.005194672707727144,0.0038312748175106013,0.012549461292785722,0.012779619360994773
2023-11-06,0.014499541605505727,0.008191461641482902,0.008868246000764171,0.010516970955690133
2023-11-07,0.014347222096211379,0.021031053723631822,0.005512526334467087,0.011156949477443747
2023-11-08,0.0058677495025599375,-0.004424354026475328,0.006620804732475868,0.007378589761568851
2023-11-09,-0.0026278816323344065,-0.010471269344291862,-0.012210124680016959,-0.006934986739133999
2023-11-10,0.02295450270962452,0.02083402648617425,0.017882798354345572,0.024591848899190014
2023-11-13,-0.008620718385066013,-0.006779695661997966,-0.00377820472952245,-0.008121120099726318
2023-11-14,0.014184590425844806,0.022262486894446033,0.011516414536665635,0.00974288100021035
2023-11-15,0.0030362841419757946,-0.017993607290294027,0.007456034638554378,0.0004058449761376409
2023-11-16,0.009001610497685393,-0.002587108521031568,0.01701394603688868,0.01743063758600203
2023-11-17,-0.00010553376143114134,0.016319176713110995,-0.011901508187108913,-0.01694370719254375
2023-11-20,0.009235515349953032,0.006522368493262836,0.006923232962258685,0.0203140108559278
2023-11-21,-0.0042398851099856825,-0.015378098422388055,0.005270522730836458,-0.01164549904662615
2023-11-22,0.0035084376754740197,0.01933932343605667,0.011036042787044384,0.012731315036622672
2023-11-24,-0.007028984830104599,0.00020445580612358505,-0.013082447178326548,-0.0011124359049953375
2023-11-27,-0.0009481742482018934,0.006723903692254734,-0.0020504881198801115,0.0031214894153312627
2023-11-28,0.003208978106074597,-0.00474961512561893,0.005774568394431277,0.010744872253627294
2023-11-29,-0.005424237133969864,-0.004840585148378569,-0.016239073656758505,-0.010110954136967576
2023-11-30,0.003058043957040982,-0.001573209061844679,-0.018391755261299495,0.0001583759653707274
2023-12-01,0.0067683290069614705,0.006413794210223246,-0.005068007967038389,-0.011680371040035997
2023-12-04,-0.009509676407026952,-0.01500697967354326,-0.019837681103813013,-0.014442479481819493
2023-12-05,0.020844477979129767,0.013986300502114904,0.013217768375927974,0.009114752435267093
2023-12-06,-0.005703227813257095,-0.016198024273178,-0.0074325249948447945,-0.010036237195137954
2023-12-07,0.010088186575359698,0.016198024273177868,0.05178135121857094,0.005812863129306447
2023-12-08,0.007385140564918882,0.003669683224747049,-0.014269150267503165,0.008803357201663226
2023-12-11,-0.013011725209814225,-0.010432734440314026,-0.012673490300770278,-0.007860400588178273
2023-12-12,0.007889011058974216,0.010839635496016388,-0.005793737398025068,0.008261056062912355
2023-12-13,0.016553648143998914,0.009179334477907091,0.0003773052394848197,-2.6837496277859188e-05
2023-12-14,0.0007573742066672974,-0.009586235533609468,-0.004763433379811059,-0.02280247153892294
2023-12-15,-0.002729453956013516,0.01714963889276147,0.004989748209966254,0.01303199430210217
2023-12-18,-0.008539740974423282,0.026971809898698733,0.023845946763102765,0.005165497290586487
2023-12-19,0.005345985595653489,-0.0018191003361762064,0.006239920419123082,0.001635611935568207
2023-12-20,-0.010771725204438398,-0.01091834083412718,0.01229149036626146,-0.007097767189166003
2023-12-21,-0.0007702876530845809,0.011243426514228085,0.014923273531460127,0.00784770198379738
2023-12-22,-0.0055630361871734256,-0.002733830879625901,0.007591418953115482,0.0027803934923445587
2023-12-26,-0.002845016443544219,-6.514686816695571e-05,0.00021194011164275231,0.0002134867431150682
2023-12-27,0.0005179795185587825,-0.00045644547960358643,-0.008159348937306498,-0.0015759400764461073
2023-12-28,0.002223703237046067,0.00026087992298881607,-0.0009977312327147582,0.0032293101109764884
2023-12-29,-0.005438790498937721,-0.009432812028151797,-0.0038583566836843386,0.0020232096163615614
2024-01-02,-0.0364427351180333,-0.013317252487412825,-0.010940829500526855,-0.01384399068427228
2024-01-03,-0.007515844258578994,-0.009785543802100045,0.005413381828240394,-0.0007282246222159908
2024-01-04,-0.012781321523797925,-0.02661905587134582,-0.01837976200950626,-0.007203421847826554
2024-01-05,-0.00402107739484378,0.004623714384981175,-0.004850643279791553,-0.0005164430927485911
2024-01-08,0.023887197448567665,0.026229678338986727,0.02265436474277258,0.01869570107761535
2024-01-09,-0.002265981073230265,0.015109875810597672,0.01508316269517557,0.0029313154459852447
2024-01-10,0.005655436814229045,0.015470650615520465,0.00939174723280168,0.018403863487802173
2024-01-11,-0.003227760725803182,0.009387897135060054,-0.0014067306449236584,0.00484750669846619
2024-01-12,0.001776507881807188,-0.0036152239546972612,0.004003729235596334,0.009934063089968104
2024-01-16,-0.012393652442024597,-0.009487311793446907,-0.0011221551468178117,0.0046228867456084115
2024-01-17,-0.005186747782117421,-0.009512302504832145,-0.007184159179440363,-0.002051916643010522
2024-01-18,0.03205138897342418,0.011729719012639512,0.014108073249489253,0.011233988192896265
2024-01-19,0.015413617537788523,0.011915672389449407,0.020010160851885433,0.012113118136035267
2024-01-22,0.012089918181785276,-0.003611493461086361,-0.0026677524594589078,-0.005432620511891692
2024-01-23,0.006631246192112303,0.007979485588611064,0.007166380912168492,0.006009386443247571
2024-01-24,-0.0034900981257294287,0.005433174197432314,0.011226136859373757,0.009133305766957917
2024-01-25,-0.0016980740466191818,0.005594095679664069,0.021094033425287147,0.005721976611234151
2024-01-26,-0.00905356820263281,0.008647102438040672,0.0021049629914496925,-0.002324415663835179
2024-01-29,-0.0035923339980290033,0.013359331333490848,0.008635975559038328,0.014232376518886
2024-01-30,-0.01943345627773576,-0.014113732972622603,-0.013444195271360723,-0.002761779602325628
